ecosystem	name	version	purl	depth	blast_radius
npm	@acpr/rate-limit-postgresql	1.4.1	pkg:npm/@acpr/rate-limit-postgresql@1.4.1	1	1
npm	@coolaj86/urequest	1.3.7	pkg:npm/@coolaj86/urequest@1.3.7	2	2
npm	@types/body-parser	1.19.6	pkg:npm/@types/body-parser@1.19.6	2	3
npm	@types/connect-timeout	1.9.0	pkg:npm/@types/connect-timeout@1.9.0	1	1
npm	@types/connect	3.4.38	pkg:npm/@types/connect@3.4.38	3	4
npm	@types/express-serve-static-core	4.19.8	pkg:npm/@types/express-serve-static-core@4.19.8	2	3
npm	@types/express	4.17.25	pkg:npm/@types/express@4.17.25	1	2
npm	@types/http-errors	2.0.5	pkg:npm/@types/http-errors@2.0.5	3	4
npm	@types/mime	1.3.5	pkg:npm/@types/mime@1.3.5	4	5
npm	@types/node	20.19.31	pkg:npm/@types/node@20.19.31	1	13
npm	@types/pg-cursor	2.7.2	pkg:npm/@types/pg-cursor@2.7.2	1	1
npm	@types/pg-pool	2.0.3	pkg:npm/@types/pg-pool@2.0.3	2	2
npm	@types/pg	8.16.0	pkg:npm/@types/pg@8.16.0	1	4
npm	@types/qs	6.14.0	pkg:npm/@types/qs@6.14.0	2	4
npm	@types/range-parser	1.2.7	pkg:npm/@types/range-parser@1.2.7	3	4
npm	@types/send	0.17.6	pkg:npm/@types/send@0.17.6	3	4
npm	@types/send	1.2.1	pkg:npm/@types/send@1.2.1	3	4
npm	@types/serve-static	1.15.10	pkg:npm/@types/serve-static@1.15.10	2	3
npm	accepts	1.3.8	pkg:npm/accepts@1.3.8	2	5
npm	ansi-styles	4.3.0	pkg:npm/ansi-styles@4.3.0	3	3
npm	array-flatten	1.1.1	pkg:npm/array-flatten@1.1.1	2	5
npm	assert-options	0.8.3	pkg:npm/assert-options@0.8.3	2	2
npm	autodetect-decoder-stream	2.0.2	pkg:npm/autodetect-decoder-stream@2.0.2	1	1
npm	bl	2.2.1	pkg:npm/bl@2.2.1	2	2
npm	body-parser	1.20.4	pkg:npm/body-parser@1.20.4	1	6
npm	bson	1.1.6	pkg:npm/bson@1.1.6	2	2
npm	buffer-alloc-unsafe	1.1.0	pkg:npm/buffer-alloc-unsafe@1.1.0	3	3
npm	buffer-alloc	1.2.0	pkg:npm/buffer-alloc@1.2.0	2	2
npm	buffer-fill	1.0.0	pkg:npm/buffer-fill@1.0.0	3	3
npm	buffer-writer	2.0.0	pkg:npm/buffer-writer@2.0.0	3	3
npm	bytes	3.1.2	pkg:npm/bytes@3.1.2	2	9
npm	call-bind-apply-helpers	1.0.2	pkg:npm/call-bind-apply-helpers@1.0.2	6	15
npm	call-bound	1.0.4	pkg:npm/call-bound@1.0.4	5	11
npm	chalk	4.1.2	pkg:npm/chalk@4.1.2	2	2
npm	color-convert	2.0.1	pkg:npm/color-convert@2.0.1	4	4
npm	color-name	1.1.4	pkg:npm/color-name@1.1.4	5	5
npm	compressible	2.0.18	pkg:npm/compressible@2.0.18	2	2
npm	compression	1.8.1	pkg:npm/compression@1.8.1	1	1
npm	connect-timeout	1.9.1	pkg:npm/connect-timeout@1.9.1	1	1
npm	console-stamp	3.1.2	pkg:npm/console-stamp@3.1.2	1	1
npm	content-disposition	0.5.4	pkg:npm/content-disposition@0.5.4	2	5
npm	content-type	1.0.5	pkg:npm/content-type@1.0.5	2	7
npm	cookie-signature	1.0.7	pkg:npm/cookie-signature@1.0.7	2	5
npm	cookie	0.7.2	pkg:npm/cookie@0.7.2	2	5
npm	core-util-is	1.0.3	pkg:npm/core-util-is@1.0.3	4	4
npm	cors	2.8.6	pkg:npm/cors@2.8.6	1	1
npm	csv-parser	3.2.0	pkg:npm/csv-parser@3.2.0	1	1
npm	csv-reader	1.0.12	pkg:npm/csv-reader@1.0.12	1	1
npm	csv-stringify	6.6.0	pkg:npm/csv-stringify@6.6.0	1	1
npm	dateformat	4.6.3	pkg:npm/dateformat@4.6.3	2	2
npm	debug	2.6.9	pkg:npm/debug@2.6.9	2	11
npm	denque	1.5.1	pkg:npm/denque@1.5.1	2	2
npm	depd	1.1.2	pkg:npm/depd@1.1.2	3	3
npm	depd	2.0.0	pkg:npm/depd@2.0.0	2	11
npm	destroy	1.2.0	pkg:npm/destroy@1.2.0	2	9
npm	dunder-proto	1.0.1	pkg:npm/dunder-proto@1.0.1	7	14
npm	ee-first	1.1.1	pkg:npm/ee-first@1.1.1	3	13
npm	encodeurl	2.0.0	pkg:npm/encodeurl@2.0.0	2	8
npm	es-define-property	1.0.1	pkg:npm/es-define-property@1.0.1	6	13
npm	es-errors	1.3.0	pkg:npm/es-errors@1.3.0	4	18
npm	es-object-atoms	1.1.1	pkg:npm/es-object-atoms@1.1.1	6	14
npm	escape-html	1.0.3	pkg:npm/escape-html@1.0.3	2	8
npm	etag	1.8.1	pkg:npm/etag@1.8.1	2	7
npm	express-mongo-sanitize	2.2.0	pkg:npm/express-mongo-sanitize@2.2.0	1	1
npm	express-rate-limit	7.5.1	pkg:npm/express-rate-limit@7.5.1	1	3
npm	express-slow-down	2.1.0	pkg:npm/express-slow-down@2.1.0	1	1
npm	express	4.22.1	pkg:npm/express@4.22.1	1	4
npm	finalhandler	1.3.2	pkg:npm/finalhandler@1.3.2	2	5
npm	forwarded	0.2.0	pkg:npm/forwarded@0.2.0	3	6
npm	fresh	0.5.2	pkg:npm/fresh@0.5.2	2	7
npm	function-bind	1.1.2	pkg:npm/function-bind@1.1.2	6	17
npm	generic-pool	3.9.0	pkg:npm/generic-pool@3.9.0	1	1
npm	get-intrinsic	1.3.0	pkg:npm/get-intrinsic@1.3.0	5	12
npm	get-proto	1.0.1	pkg:npm/get-proto@1.0.1	6	13
npm	github-webhook-middleware	0.0.2	pkg:npm/github-webhook-middleware@0.0.2	1	1
npm	gopd	1.2.0	pkg:npm/gopd@1.2.0	6	15
npm	has-flag	4.0.0	pkg:npm/has-flag@4.0.0	4	4
npm	has-symbols	1.1.0	pkg:npm/has-symbols@1.1.0	6	13
npm	hasown	2.0.2	pkg:npm/hasown@2.0.2	6	13
npm	http-errors	1.6.3	pkg:npm/http-errors@1.6.3	2	2
npm	http-errors	2.0.1	pkg:npm/http-errors@2.0.1	2	10
npm	iconv-lite	0.4.24	pkg:npm/iconv-lite@0.4.24	2	8
npm	iconv-lite	0.7.2	pkg:npm/iconv-lite@0.7.2	2	2
npm	inherits	2.0.3	pkg:npm/inherits@2.0.3	3	3
npm	inherits	2.0.4	pkg:npm/inherits@2.0.4	3	14
npm	ipaddr.js	1.9.1	pkg:npm/ipaddr.js@1.9.1	3	6
npm	isarray	1.0.0	pkg:npm/isarray@1.0.0	4	4
npm	jschardet	3.1.4	pkg:npm/jschardet@3.1.4	2	2
npm	math-intrinsics	1.1.0	pkg:npm/math-intrinsics@1.1.0	6	13
npm	media-typer	0.3.0	pkg:npm/media-typer@0.3.0	3	8
npm	memory-pager	1.5.0	pkg:npm/memory-pager@1.5.0	4	4
npm	merge-descriptors	1.0.3	pkg:npm/merge-descriptors@1.0.3	2	5
npm	methods	1.1.2	pkg:npm/methods@1.1.2	2	5
npm	mime-db	1.52.0	pkg:npm/mime-db@1.52.0	4	10
npm	mime-db	1.54.0	pkg:npm/mime-db@1.54.0	3	3
npm	mime-types	2.1.35	pkg:npm/mime-types@2.1.35	3	9
npm	mime	1.6.0	pkg:npm/mime@1.6.0	3	7
npm	moment-timezone	0.5.48	pkg:npm/moment-timezone@0.5.48	1	1
npm	moment	2.30.1	pkg:npm/moment@2.30.1	1	2
npm	mongo-sanitize	1.1.0	pkg:npm/mongo-sanitize@1.1.0	1	1
npm	mongodb	3.7.4	pkg:npm/mongodb@3.7.4	1	1
npm	ms	2.0.0	pkg:npm/ms@2.0.0	2	13
npm	ms	2.1.3	pkg:npm/ms@2.1.3	3	7
npm	negotiator	0.6.3	pkg:npm/negotiator@0.6.3	3	6
npm	negotiator	0.6.4	pkg:npm/negotiator@0.6.4	2	2
npm	nodemailer	6.10.1	pkg:npm/nodemailer@6.10.1	1	1
npm	object-assign	4.1.1	pkg:npm/object-assign@4.1.1	2	2
npm	object-inspect	1.13.4	pkg:npm/object-inspect@1.13.4	4	12
npm	on-finished	2.3.0	pkg:npm/on-finished@2.3.0	2	2
npm	on-finished	2.4.1	pkg:npm/on-finished@2.4.1	2	10
npm	on-headers	1.1.0	pkg:npm/on-headers@1.1.0	2	3
npm	optional-require	1.1.10	pkg:npm/optional-require@1.1.10	2	2
npm	packet-reader	1.0.0	pkg:npm/packet-reader@1.0.0	3	3
npm	parseurl	1.3.3	pkg:npm/parseurl@1.3.3	2	7
npm	path-to-regexp	0.1.12	pkg:npm/path-to-regexp@0.1.12	2	5
npm	pg-cloudflare	1.3.0	pkg:npm/pg-cloudflare@1.3.0	3	11
npm	pg-connection-string	2.11.0	pkg:npm/pg-connection-string@2.11.0	3	11
npm	pg-cursor	2.17.0	pkg:npm/pg-cursor@2.17.0	1	3
npm	pg-int8	1.0.1	pkg:npm/pg-int8@1.0.1	3	15
npm	pg-minify	1.8.0	pkg:npm/pg-minify@1.8.0	2	2
npm	pg-native	UNKNOWN	pkg:npm/pg-native	3	11
npm	pg-pool	3.11.0	pkg:npm/pg-pool@3.11.0	3	11
npm	pg-pool	3.6.1	pkg:npm/pg-pool@3.6.1	2	3
npm	pg-promise	11.15.0	pkg:npm/pg-promise@11.15.0	1	1
npm	pg-protocol	1.11.0	pkg:npm/pg-protocol@1.11.0	2	14
npm	pg-query-stream	4.10.3	pkg:npm/pg-query-stream@4.10.3	2	2
npm	pg-types	2.2.0	pkg:npm/pg-types@2.2.0	2	14
npm	pg	8.11.3	pkg:npm/pg@8.11.3	2	2
npm	pg	8.16.3	pkg:npm/pg@8.16.3	2	11
npm	pg	8.18.0	pkg:npm/pg@8.18.0	2	11
npm	pgpass	1.0.5	pkg:npm/pgpass@1.0.5	3	11
npm	postgres-array	2.0.0	pkg:npm/postgres-array@2.0.0	3	15
npm	postgres-bytea	1.0.1	pkg:npm/postgres-bytea@1.0.1	3	15
npm	postgres-date	1.0.7	pkg:npm/postgres-date@1.0.7	3	15
npm	postgres-interval	1.2.0	pkg:npm/postgres-interval@1.2.0	3	15
npm	postgres-migrations	5.3.0	pkg:npm/postgres-migrations@5.3.0	2	2
npm	process-nextick-args	2.0.1	pkg:npm/process-nextick-args@2.0.1	4	4
npm	proxy-addr	2.0.7	pkg:npm/proxy-addr@2.0.7	2	5
npm	qs	6.14.1	pkg:npm/qs@6.14.1	2	7
npm	range-parser	1.2.1	pkg:npm/range-parser@1.2.1	2	7
npm	raw-body	2.5.3	pkg:npm/raw-body@2.5.3	2	7
npm	readable-stream	2.3.8	pkg:npm/readable-stream@2.3.8	3	3
npm	require-at	1.0.6	pkg:npm/require-at@1.0.6	3	3
npm	safe-buffer	5.1.2	pkg:npm/safe-buffer@5.1.2	4	5
npm	safe-buffer	5.2.1	pkg:npm/safe-buffer@5.2.1	2	9
npm	safe-compare	1.1.4	pkg:npm/safe-compare@1.1.4	1	1
npm	safer-buffer	2.1.2	pkg:npm/safer-buffer@2.1.2	3	11
npm	saslprep	1.0.3	pkg:npm/saslprep@1.0.3	2	2
npm	send	0.19.2	pkg:npm/send@0.19.2	2	6
npm	serve-static	1.16.3	pkg:npm/serve-static@1.16.3	2	5
npm	setprototypeof	1.1.0	pkg:npm/setprototypeof@1.1.0	3	3
npm	setprototypeof	1.2.0	pkg:npm/setprototypeof@1.2.0	2	11
npm	side-channel-list	1.0.0	pkg:npm/side-channel-list@1.0.0	4	9
npm	side-channel-map	1.0.1	pkg:npm/side-channel-map@1.0.1	4	10
npm	side-channel-weakmap	1.0.2	pkg:npm/side-channel-weakmap@1.0.2	4	9
npm	side-channel	1.1.0	pkg:npm/side-channel@1.1.0	3	8
npm	sparse-bitfield	3.0.3	pkg:npm/sparse-bitfield@3.0.3	3	3
npm	spex	3.4.1	pkg:npm/spex@3.4.1	2	2
npm	split2	4.2.0	pkg:npm/split2@4.2.0	4	12
npm	sql-template-strings	2.2.2	pkg:npm/sql-template-strings@2.2.2	3	3
npm	ssl-root-cas	1.3.1	pkg:npm/ssl-root-cas@1.3.1	1	1
npm	statuses	1.5.0	pkg:npm/statuses@1.5.0	3	3
npm	statuses	2.0.2	pkg:npm/statuses@2.0.2	2	12
npm	string_decoder	1.1.1	pkg:npm/string_decoder@1.1.1	4	4
npm	supports-color	7.2.0	pkg:npm/supports-color@7.2.0	3	3
npm	toidentifier	1.0.1	pkg:npm/toidentifier@1.0.1	3	11
npm	type-is	1.6.18	pkg:npm/type-is@1.6.18	2	7
npm	typescript	5.9.3	pkg:npm/typescript@5.9.3	1	1
npm	undici-types	6.21.0	pkg:npm/undici-types@6.21.0	2	14
npm	unpipe	1.0.0	pkg:npm/unpipe@1.0.0	2	9
npm	util-deprecate	1.0.2	pkg:npm/util-deprecate@1.0.2	4	4
npm	utils-merge	1.0.1	pkg:npm/utils-merge@1.0.1	2	5
npm	uuid	9.0.1	pkg:npm/uuid@9.0.1	1	1
npm	vary	1.1.2	pkg:npm/vary@1.1.2	2	7
npm	xtend	4.0.2	pkg:npm/xtend@4.0.2	4	16
