CVE-2005-2541	pkg:deb/debian/tar@1.34%2Bdfsg-1.2%2Bdeb12u1?arch=amd64&distro=debian-12&package-id=f8ad3f5238dbcf6a
CVE-2007-5686	pkg:deb/debian/login@1%3A4.13%2Bdfsg1-1%2Bdeb12u2?arch=amd64&distro=debian-12&package-id=d5e0daed57b0ef5c&upstream=shadow
CVE-2007-5686	pkg:deb/debian/passwd@1%3A4.13%2Bdfsg1-1%2Bdeb12u2?arch=amd64&distro=debian-12&package-id=1853000d374a22b0&upstream=shadow
CVE-2010-4756	pkg:deb/debian/libc-bin@2.36-9%2Bdeb12u13?arch=amd64&distro=debian-12&package-id=e90934cdc31ca290&upstream=glibc
CVE-2010-4756	pkg:deb/debian/libc-dev-bin@2.36-9%2Bdeb12u13?arch=amd64&distro=debian-12&package-id=a441f47cb7456001&upstream=glibc
CVE-2010-4756	pkg:deb/debian/libc-devtools@2.36-9%2Bdeb12u13?arch=amd64&distro=debian-12&package-id=14dc64240f4a6401&upstream=glibc
CVE-2010-4756	pkg:deb/debian/libc6-dev@2.36-9%2Bdeb12u13?arch=amd64&distro=debian-12&package-id=1f4a92bc30931514&upstream=glibc
CVE-2010-4756	pkg:deb/debian/libc6@2.36-9%2Bdeb12u13?arch=amd64&distro=debian-12&package-id=0ab22287b6343f5c&upstream=glibc
CVE-2011-3374	pkg:deb/debian/apt@2.6.1?arch=amd64&distro=debian-12&package-id=cd0a6d87e2b9c130
CVE-2011-3374	pkg:deb/debian/libapt-pkg6.0@2.6.1?arch=amd64&distro=debian-12&package-id=91b1396a4c2e715d&upstream=apt
CVE-2011-3389	pkg:deb/debian/libgnutls30@3.7.9-2%2Bdeb12u5?arch=amd64&distro=debian-12&package-id=a88e78b6d66aa563&upstream=gnutls28
CVE-2011-4116	pkg:deb/debian/perl-base@5.36.0-7%2Bdeb12u3?arch=amd64&distro=debian-12&package-id=e272b8e8d5eb9292&upstream=perl
CVE-2013-4392	pkg:deb/debian/libsystemd0@252.39-1~deb12u1?arch=amd64&distro=debian-12&package-id=ffff5892914d165f&upstream=systemd
CVE-2013-4392	pkg:deb/debian/libudev1@252.39-1~deb12u1?arch=amd64&distro=debian-12&package-id=884632838cded891&upstream=systemd
CVE-2015-3276	pkg:deb/debian/libldap-2.5-0@2.5.13%2Bdfsg-5?arch=amd64&distro=debian-12&package-id=692b9197d4b21a92&upstream=openldap
CVE-2015-3276	pkg:deb/debian/libldap-common@2.5.13%2Bdfsg-5?arch=all&distro=debian-12&package-id=dd3946a6b1d2298d&upstream=openldap
CVE-2016-2781	pkg:deb/debian/coreutils@9.1-1?arch=amd64&distro=debian-12&package-id=eca37691b87c0860
CVE-2017-13716	pkg:deb/debian/binutils-common@2.40-2?arch=amd64&distro=debian-12&package-id=5bcf7faea7019d8b&upstream=binutils
CVE-2017-13716	pkg:deb/debian/binutils-x86-64-linux-gnu@2.40-2?arch=amd64&distro=debian-12&package-id=d0e449f35480c447&upstream=binutils
CVE-2017-13716	pkg:deb/debian/binutils@2.40-2?arch=amd64&distro=debian-12&package-id=d842b59217648a95
CVE-2017-13716	pkg:deb/debian/libbinutils@2.40-2?arch=amd64&distro=debian-12&package-id=78054169459aae2f&upstream=binutils
CVE-2017-13716	pkg:deb/debian/libctf-nobfd0@2.40-2?arch=amd64&distro=debian-12&package-id=63bfd9a0d6ef6f63&upstream=binutils
CVE-2017-13716	pkg:deb/debian/libctf0@2.40-2?arch=amd64&distro=debian-12&package-id=79f92809e5afae8d&upstream=binutils
CVE-2017-13716	pkg:deb/debian/libgprofng0@2.40-2?arch=amd64&distro=debian-12&package-id=727693742e6e3639&upstream=binutils
CVE-2017-14159	pkg:deb/debian/libldap-2.5-0@2.5.13%2Bdfsg-5?arch=amd64&distro=debian-12&package-id=692b9197d4b21a92&upstream=openldap
CVE-2017-14159	pkg:deb/debian/libldap-common@2.5.13%2Bdfsg-5?arch=all&distro=debian-12&package-id=dd3946a6b1d2298d&upstream=openldap
CVE-2017-16232	pkg:deb/debian/libtiff6@4.5.0-6%2Bdeb12u3?arch=amd64&distro=debian-12&package-id=017939ea1216b685&upstream=tiff
CVE-2017-17740	pkg:deb/debian/libldap-2.5-0@2.5.13%2Bdfsg-5?arch=amd64&distro=debian-12&package-id=692b9197d4b21a92&upstream=openldap
CVE-2017-17740	pkg:deb/debian/libldap-common@2.5.13%2Bdfsg-5?arch=all&distro=debian-12&package-id=dd3946a6b1d2298d&upstream=openldap
CVE-2017-18018	pkg:deb/debian/coreutils@9.1-1?arch=amd64&distro=debian-12&package-id=eca37691b87c0860
CVE-2017-9937	pkg:deb/debian/libjbig0@2.1-6.1?arch=amd64&distro=debian-12&package-id=63933a9eb4c88edb&upstream=jbigkit
CVE-2018-10126	pkg:deb/debian/libtiff6@4.5.0-6%2Bdeb12u3?arch=amd64&distro=debian-12&package-id=017939ea1216b685&upstream=tiff
CVE-2018-13410	pkg:deb/debian/zip@3.0-13?arch=amd64&distro=debian-12&package-id=03f30eea77f8b016
CVE-2018-20673	pkg:deb/debian/binutils-common@2.40-2?arch=amd64&distro=debian-12&package-id=5bcf7faea7019d8b&upstream=binutils
CVE-2018-20673	pkg:deb/debian/binutils-x86-64-linux-gnu@2.40-2?arch=amd64&distro=debian-12&package-id=d0e449f35480c447&upstream=binutils
CVE-2018-20673	pkg:deb/debian/binutils@2.40-2?arch=amd64&distro=debian-12&package-id=d842b59217648a95
CVE-2018-20673	pkg:deb/debian/libbinutils@2.40-2?arch=amd64&distro=debian-12&package-id=78054169459aae2f&upstream=binutils
CVE-2018-20673	pkg:deb/debian/libctf-nobfd0@2.40-2?arch=amd64&distro=debian-12&package-id=63bfd9a0d6ef6f63&upstream=binutils
CVE-2018-20673	pkg:deb/debian/libctf0@2.40-2?arch=amd64&distro=debian-12&package-id=79f92809e5afae8d&upstream=binutils
CVE-2018-20673	pkg:deb/debian/libgprofng0@2.40-2?arch=amd64&distro=debian-12&package-id=727693742e6e3639&upstream=binutils
CVE-2018-20712	pkg:deb/debian/binutils-common@2.40-2?arch=amd64&distro=debian-12&package-id=5bcf7faea7019d8b&upstream=binutils
CVE-2018-20712	pkg:deb/debian/binutils-x86-64-linux-gnu@2.40-2?arch=amd64&distro=debian-12&package-id=d0e449f35480c447&upstream=binutils
CVE-2018-20712	pkg:deb/debian/binutils@2.40-2?arch=amd64&distro=debian-12&package-id=d842b59217648a95
CVE-2018-20712	pkg:deb/debian/libbinutils@2.40-2?arch=amd64&distro=debian-12&package-id=78054169459aae2f&upstream=binutils
CVE-2018-20712	pkg:deb/debian/libctf-nobfd0@2.40-2?arch=amd64&distro=debian-12&package-id=63bfd9a0d6ef6f63&upstream=binutils
CVE-2018-20712	pkg:deb/debian/libctf0@2.40-2?arch=amd64&distro=debian-12&package-id=79f92809e5afae8d&upstream=binutils
CVE-2018-20712	pkg:deb/debian/libgprofng0@2.40-2?arch=amd64&distro=debian-12&package-id=727693742e6e3639&upstream=binutils
CVE-2018-20796	pkg:deb/debian/libc-bin@2.36-9%2Bdeb12u13?arch=amd64&distro=debian-12&package-id=e90934cdc31ca290&upstream=glibc
CVE-2018-20796	pkg:deb/debian/libc-dev-bin@2.36-9%2Bdeb12u13?arch=amd64&distro=debian-12&package-id=a441f47cb7456001&upstream=glibc
CVE-2018-20796	pkg:deb/debian/libc-devtools@2.36-9%2Bdeb12u13?arch=amd64&distro=debian-12&package-id=14dc64240f4a6401&upstream=glibc
CVE-2018-20796	pkg:deb/debian/libc6-dev@2.36-9%2Bdeb12u13?arch=amd64&distro=debian-12&package-id=1f4a92bc30931514&upstream=glibc
CVE-2018-20796	pkg:deb/debian/libc6@2.36-9%2Bdeb12u13?arch=amd64&distro=debian-12&package-id=0ab22287b6343f5c&upstream=glibc
CVE-2018-5709	pkg:deb/debian/krb5-locales@1.20.1-2%2Bdeb12u4?arch=all&distro=debian-12&package-id=72fde445ac2455fc&upstream=krb5
CVE-2018-5709	pkg:deb/debian/libgssapi-krb5-2@1.20.1-2%2Bdeb12u4?arch=amd64&distro=debian-12&package-id=27dfed9942e654b2&upstream=krb5
CVE-2018-5709	pkg:deb/debian/libk5crypto3@1.20.1-2%2Bdeb12u4?arch=amd64&distro=debian-12&package-id=28bcce6865c31c7b&upstream=krb5
CVE-2018-5709	pkg:deb/debian/libkrb5-3@1.20.1-2%2Bdeb12u4?arch=amd64&distro=debian-12&package-id=be62ac862a4f20f3&upstream=krb5
CVE-2018-5709	pkg:deb/debian/libkrb5support0@1.20.1-2%2Bdeb12u4?arch=amd64&distro=debian-12&package-id=45c439166729c218&upstream=krb5
CVE-2018-6829	pkg:deb/debian/libgcrypt20@1.10.1-3?arch=amd64&distro=debian-12&package-id=d386f651d9220c9e
CVE-2018-9996	pkg:deb/debian/binutils-common@2.40-2?arch=amd64&distro=debian-12&package-id=5bcf7faea7019d8b&upstream=binutils
CVE-2018-9996	pkg:deb/debian/binutils-x86-64-linux-gnu@2.40-2?arch=amd64&distro=debian-12&package-id=d0e449f35480c447&upstream=binutils
CVE-2018-9996	pkg:deb/debian/binutils@2.40-2?arch=amd64&distro=debian-12&package-id=d842b59217648a95
CVE-2018-9996	pkg:deb/debian/libbinutils@2.40-2?arch=amd64&distro=debian-12&package-id=78054169459aae2f&upstream=binutils
CVE-2018-9996	pkg:deb/debian/libctf-nobfd0@2.40-2?arch=amd64&distro=debian-12&package-id=63bfd9a0d6ef6f63&upstream=binutils
CVE-2018-9996	pkg:deb/debian/libctf0@2.40-2?arch=amd64&distro=debian-12&package-id=79f92809e5afae8d&upstream=binutils
CVE-2018-9996	pkg:deb/debian/libgprofng0@2.40-2?arch=amd64&distro=debian-12&package-id=727693742e6e3639&upstream=binutils
CVE-2019-1010022	pkg:deb/debian/libc-bin@2.36-9%2Bdeb12u13?arch=amd64&distro=debian-12&package-id=e90934cdc31ca290&upstream=glibc
CVE-2019-1010022	pkg:deb/debian/libc-dev-bin@2.36-9%2Bdeb12u13?arch=amd64&distro=debian-12&package-id=a441f47cb7456001&upstream=glibc
CVE-2019-1010022	pkg:deb/debian/libc-devtools@2.36-9%2Bdeb12u13?arch=amd64&distro=debian-12&package-id=14dc64240f4a6401&upstream=glibc
CVE-2019-1010022	pkg:deb/debian/libc6-dev@2.36-9%2Bdeb12u13?arch=amd64&distro=debian-12&package-id=1f4a92bc30931514&upstream=glibc
CVE-2019-1010022	pkg:deb/debian/libc6@2.36-9%2Bdeb12u13?arch=amd64&distro=debian-12&package-id=0ab22287b6343f5c&upstream=glibc
CVE-2019-1010023	pkg:deb/debian/libc-bin@2.36-9%2Bdeb12u13?arch=amd64&distro=debian-12&package-id=e90934cdc31ca290&upstream=glibc
CVE-2019-1010023	pkg:deb/debian/libc-dev-bin@2.36-9%2Bdeb12u13?arch=amd64&distro=debian-12&package-id=a441f47cb7456001&upstream=glibc
CVE-2019-1010023	pkg:deb/debian/libc-devtools@2.36-9%2Bdeb12u13?arch=amd64&distro=debian-12&package-id=14dc64240f4a6401&upstream=glibc
CVE-2019-1010023	pkg:deb/debian/libc6-dev@2.36-9%2Bdeb12u13?arch=amd64&distro=debian-12&package-id=1f4a92bc30931514&upstream=glibc
CVE-2019-1010023	pkg:deb/debian/libc6@2.36-9%2Bdeb12u13?arch=amd64&distro=debian-12&package-id=0ab22287b6343f5c&upstream=glibc
CVE-2019-1010024	pkg:deb/debian/libc-bin@2.36-9%2Bdeb12u13?arch=amd64&distro=debian-12&package-id=e90934cdc31ca290&upstream=glibc
CVE-2019-1010024	pkg:deb/debian/libc-dev-bin@2.36-9%2Bdeb12u13?arch=amd64&distro=debian-12&package-id=a441f47cb7456001&upstream=glibc
CVE-2019-1010024	pkg:deb/debian/libc-devtools@2.36-9%2Bdeb12u13?arch=amd64&distro=debian-12&package-id=14dc64240f4a6401&upstream=glibc
CVE-2019-1010024	pkg:deb/debian/libc6-dev@2.36-9%2Bdeb12u13?arch=amd64&distro=debian-12&package-id=1f4a92bc30931514&upstream=glibc
CVE-2019-1010024	pkg:deb/debian/libc6@2.36-9%2Bdeb12u13?arch=amd64&distro=debian-12&package-id=0ab22287b6343f5c&upstream=glibc
CVE-2019-1010025	pkg:deb/debian/libc-bin@2.36-9%2Bdeb12u13?arch=amd64&distro=debian-12&package-id=e90934cdc31ca290&upstream=glibc
CVE-2019-1010025	pkg:deb/debian/libc-dev-bin@2.36-9%2Bdeb12u13?arch=amd64&distro=debian-12&package-id=a441f47cb7456001&upstream=glibc
CVE-2019-1010025	pkg:deb/debian/libc-devtools@2.36-9%2Bdeb12u13?arch=amd64&distro=debian-12&package-id=14dc64240f4a6401&upstream=glibc
CVE-2019-1010025	pkg:deb/debian/libc6-dev@2.36-9%2Bdeb12u13?arch=amd64&distro=debian-12&package-id=1f4a92bc30931514&upstream=glibc
CVE-2019-1010025	pkg:deb/debian/libc6@2.36-9%2Bdeb12u13?arch=amd64&distro=debian-12&package-id=0ab22287b6343f5c&upstream=glibc
CVE-2019-9192	pkg:deb/debian/libc-bin@2.36-9%2Bdeb12u13?arch=amd64&distro=debian-12&package-id=e90934cdc31ca290&upstream=glibc
CVE-2019-9192	pkg:deb/debian/libc-dev-bin@2.36-9%2Bdeb12u13?arch=amd64&distro=debian-12&package-id=a441f47cb7456001&upstream=glibc
CVE-2019-9192	pkg:deb/debian/libc-devtools@2.36-9%2Bdeb12u13?arch=amd64&distro=debian-12&package-id=14dc64240f4a6401&upstream=glibc
CVE-2019-9192	pkg:deb/debian/libc6-dev@2.36-9%2Bdeb12u13?arch=amd64&distro=debian-12&package-id=1f4a92bc30931514&upstream=glibc
CVE-2019-9192	pkg:deb/debian/libc6@2.36-9%2Bdeb12u13?arch=amd64&distro=debian-12&package-id=0ab22287b6343f5c&upstream=glibc
CVE-2020-15719	pkg:deb/debian/libldap-2.5-0@2.5.13%2Bdfsg-5?arch=amd64&distro=debian-12&package-id=692b9197d4b21a92&upstream=openldap
CVE-2020-15719	pkg:deb/debian/libldap-common@2.5.13%2Bdfsg-5?arch=all&distro=debian-12&package-id=dd3946a6b1d2298d&upstream=openldap
CVE-2020-36325	pkg:deb/debian/libjansson4@2.14-2?arch=amd64&distro=debian-12&package-id=aa4f185635b66d91&upstream=jansson
CVE-2021-32256	pkg:deb/debian/binutils-common@2.40-2?arch=amd64&distro=debian-12&package-id=5bcf7faea7019d8b&upstream=binutils
CVE-2021-32256	pkg:deb/debian/binutils-x86-64-linux-gnu@2.40-2?arch=amd64&distro=debian-12&package-id=d0e449f35480c447&upstream=binutils
CVE-2021-32256	pkg:deb/debian/binutils@2.40-2?arch=amd64&distro=debian-12&package-id=d842b59217648a95
CVE-2021-32256	pkg:deb/debian/libbinutils@2.40-2?arch=amd64&distro=debian-12&package-id=78054169459aae2f&upstream=binutils
CVE-2021-32256	pkg:deb/debian/libctf-nobfd0@2.40-2?arch=amd64&distro=debian-12&package-id=63bfd9a0d6ef6f63&upstream=binutils
CVE-2021-32256	pkg:deb/debian/libctf0@2.40-2?arch=amd64&distro=debian-12&package-id=79f92809e5afae8d&upstream=binutils
CVE-2021-32256	pkg:deb/debian/libgprofng0@2.40-2?arch=amd64&distro=debian-12&package-id=727693742e6e3639&upstream=binutils
CVE-2021-4214	pkg:deb/debian/libpng16-16@1.6.39-2%2Bdeb12u1?arch=amd64&distro=debian-12&package-id=d50b56e6adfee72a&upstream=libpng1.6
CVE-2021-4217	pkg:deb/debian/unzip@6.0-28?arch=amd64&distro=debian-12&package-id=d86d104b2d6876f3
CVE-2022-0563	pkg:deb/debian/bsdutils@1%3A2.38.1-5%2Bdeb12u3?arch=amd64&distro=debian-12&package-id=f131145b816a43ee&upstream=util-linux%402.38.1-5%2Bdeb12u3
CVE-2022-0563	pkg:deb/debian/libblkid1@2.38.1-5%2Bdeb12u3?arch=amd64&distro=debian-12&package-id=af35543f081d70bf&upstream=util-linux
CVE-2022-0563	pkg:deb/debian/libmount1@2.38.1-5%2Bdeb12u3?arch=amd64&distro=debian-12&package-id=3578a81ebb651f3d&upstream=util-linux
CVE-2022-0563	pkg:deb/debian/libsmartcols1@2.38.1-5%2Bdeb12u3?arch=amd64&distro=debian-12&package-id=ecee94562f1ce06f&upstream=util-linux
CVE-2022-0563	pkg:deb/debian/libuuid1@2.38.1-5%2Bdeb12u3?arch=amd64&distro=debian-12&package-id=2049f4c13963925a&upstream=util-linux
CVE-2022-0563	pkg:deb/debian/mount@2.38.1-5%2Bdeb12u3?arch=amd64&distro=debian-12&package-id=e75e0a2b6968d414&upstream=util-linux
CVE-2022-0563	pkg:deb/debian/util-linux-extra@2.38.1-5%2Bdeb12u3?arch=amd64&distro=debian-12&package-id=fc9180bcad1f4d49&upstream=util-linux
CVE-2022-0563	pkg:deb/debian/util-linux@2.38.1-5%2Bdeb12u3?arch=amd64&distro=debian-12&package-id=b11f4a313957922c
CVE-2022-0563	pkg:deb/debian/uuid-runtime@2.38.1-5%2Bdeb12u3?arch=amd64&distro=debian-12&package-id=9cb935fafd01439f&upstream=util-linux
CVE-2022-1210	pkg:deb/debian/libtiff6@4.5.0-6%2Bdeb12u3?arch=amd64&distro=debian-12&package-id=017939ea1216b685&upstream=tiff
CVE-2022-27943	pkg:deb/debian/cpp-12@12.2.0-14%2Bdeb12u1?arch=amd64&distro=debian-12&package-id=411b8392b99d579e&upstream=gcc-12
CVE-2022-27943	pkg:deb/debian/g%2B%2B-12@12.2.0-14%2Bdeb12u1?arch=amd64&distro=debian-12&package-id=d4746f84a0e9d007&upstream=gcc-12
CVE-2022-27943	pkg:deb/debian/gcc-12-base@12.2.0-14%2Bdeb12u1?arch=amd64&distro=debian-12&package-id=5dd3e15c0db94758&upstream=gcc-12
CVE-2022-27943	pkg:deb/debian/gcc-12@12.2.0-14%2Bdeb12u1?arch=amd64&distro=debian-12&package-id=b84cfde350fe897d
CVE-2022-27943	pkg:deb/debian/libasan8@12.2.0-14%2Bdeb12u1?arch=amd64&distro=debian-12&package-id=588f1d72fd42e121&upstream=gcc-12
CVE-2022-27943	pkg:deb/debian/libatomic1@12.2.0-14%2Bdeb12u1?arch=amd64&distro=debian-12&package-id=8ae9365ce7a26f63&upstream=gcc-12
CVE-2022-27943	pkg:deb/debian/libcc1-0@12.2.0-14%2Bdeb12u1?arch=amd64&distro=debian-12&package-id=e030001af4af8a54&upstream=gcc-12
CVE-2022-27943	pkg:deb/debian/libgcc-12-dev@12.2.0-14%2Bdeb12u1?arch=amd64&distro=debian-12&package-id=46c715b2383b94a6&upstream=gcc-12
CVE-2022-27943	pkg:deb/debian/libgcc-s1@12.2.0-14%2Bdeb12u1?arch=amd64&distro=debian-12&package-id=f34a6c9eeba92c05&upstream=gcc-12
CVE-2022-27943	pkg:deb/debian/libgomp1@12.2.0-14%2Bdeb12u1?arch=amd64&distro=debian-12&package-id=04ffb91a594718a3&upstream=gcc-12
CVE-2022-27943	pkg:deb/debian/libitm1@12.2.0-14%2Bdeb12u1?arch=amd64&distro=debian-12&package-id=9579721d3073dea4&upstream=gcc-12
CVE-2022-27943	pkg:deb/debian/liblsan0@12.2.0-14%2Bdeb12u1?arch=amd64&distro=debian-12&package-id=2717998825e5d420&upstream=gcc-12
CVE-2022-27943	pkg:deb/debian/libquadmath0@12.2.0-14%2Bdeb12u1?arch=amd64&distro=debian-12&package-id=0386de411df4c929&upstream=gcc-12
CVE-2022-27943	pkg:deb/debian/libstdc%2B%2B-12-dev@12.2.0-14%2Bdeb12u1?arch=amd64&distro=debian-12&package-id=eefe5f807560527f&upstream=gcc-12
CVE-2022-27943	pkg:deb/debian/libstdc%2B%2B6@12.2.0-14%2Bdeb12u1?arch=amd64&distro=debian-12&package-id=6c755f621b3d6c49&upstream=gcc-12
CVE-2022-27943	pkg:deb/debian/libtsan2@12.2.0-14%2Bdeb12u1?arch=amd64&distro=debian-12&package-id=b0763711c23026f8&upstream=gcc-12
CVE-2022-27943	pkg:deb/debian/libubsan1@12.2.0-14%2Bdeb12u1?arch=amd64&distro=debian-12&package-id=c9bf42e78c16b99e&upstream=gcc-12
CVE-2022-3219	pkg:deb/debian/gpgv@2.2.40-1.1%2Bdeb12u2?arch=amd64&distro=debian-12&package-id=bab4532a87a829c8&upstream=gnupg2
CVE-2023-1916	pkg:deb/debian/libtiff6@4.5.0-6%2Bdeb12u3?arch=amd64&distro=debian-12&package-id=017939ea1216b685&upstream=tiff
CVE-2023-1972	pkg:deb/debian/binutils-common@2.40-2?arch=amd64&distro=debian-12&package-id=5bcf7faea7019d8b&upstream=binutils
CVE-2023-1972	pkg:deb/debian/binutils-x86-64-linux-gnu@2.40-2?arch=amd64&distro=debian-12&package-id=d0e449f35480c447&upstream=binutils
CVE-2023-1972	pkg:deb/debian/binutils@2.40-2?arch=amd64&distro=debian-12&package-id=d842b59217648a95
CVE-2023-1972	pkg:deb/debian/libbinutils@2.40-2?arch=amd64&distro=debian-12&package-id=78054169459aae2f&upstream=binutils
CVE-2023-1972	pkg:deb/debian/libctf-nobfd0@2.40-2?arch=amd64&distro=debian-12&package-id=63bfd9a0d6ef6f63&upstream=binutils
CVE-2023-1972	pkg:deb/debian/libctf0@2.40-2?arch=amd64&distro=debian-12&package-id=79f92809e5afae8d&upstream=binutils
CVE-2023-1972	pkg:deb/debian/libgprofng0@2.40-2?arch=amd64&distro=debian-12&package-id=727693742e6e3639&upstream=binutils
CVE-2023-2953	pkg:deb/debian/libldap-2.5-0@2.5.13%2Bdfsg-5?arch=amd64&distro=debian-12&package-id=692b9197d4b21a92&upstream=openldap
CVE-2023-2953	pkg:deb/debian/libldap-common@2.5.13%2Bdfsg-5?arch=all&distro=debian-12&package-id=dd3946a6b1d2298d&upstream=openldap
CVE-2023-31437	pkg:deb/debian/libsystemd0@252.39-1~deb12u1?arch=amd64&distro=debian-12&package-id=ffff5892914d165f&upstream=systemd
CVE-2023-31437	pkg:deb/debian/libudev1@252.39-1~deb12u1?arch=amd64&distro=debian-12&package-id=884632838cded891&upstream=systemd
CVE-2023-31438	pkg:deb/debian/libsystemd0@252.39-1~deb12u1?arch=amd64&distro=debian-12&package-id=ffff5892914d165f&upstream=systemd
CVE-2023-31438	pkg:deb/debian/libudev1@252.39-1~deb12u1?arch=amd64&distro=debian-12&package-id=884632838cded891&upstream=systemd
CVE-2023-31439	pkg:deb/debian/libsystemd0@252.39-1~deb12u1?arch=amd64&distro=debian-12&package-id=ffff5892914d165f&upstream=systemd
CVE-2023-31439	pkg:deb/debian/libudev1@252.39-1~deb12u1?arch=amd64&distro=debian-12&package-id=884632838cded891&upstream=systemd
CVE-2023-31486	pkg:deb/debian/perl-base@5.36.0-7%2Bdeb12u3?arch=amd64&distro=debian-12&package-id=e272b8e8d5eb9292&upstream=perl
CVE-2023-3164	pkg:deb/debian/libtiff6@4.5.0-6%2Bdeb12u3?arch=amd64&distro=debian-12&package-id=017939ea1216b685&upstream=tiff
CVE-2023-32570	pkg:deb/debian/libdav1d6@1.0.0-2%2Bdeb12u1?arch=amd64&distro=debian-12&package-id=d96162e7206cebef&upstream=dav1d
CVE-2023-39616	pkg:deb/debian/libaom3@3.6.0-1%2Bdeb12u2?arch=amd64&distro=debian-12&package-id=9e3b0cc1c76e74b4&upstream=aom
CVE-2023-49463	pkg:deb/debian/libheif1@1.15.1-1%2Bdeb12u1?arch=amd64&distro=debian-12&package-id=6dec48f68a6dce02&upstream=libheif
CVE-2023-50495	pkg:deb/debian/libtinfo6@6.4-4?arch=amd64&distro=debian-12&package-id=a6231fb14cfeaaac&upstream=ncurses
CVE-2023-50495	pkg:deb/debian/ncurses-base@6.4-4?arch=all&distro=debian-12&package-id=ec73073218fd031a&upstream=ncurses
CVE-2023-50495	pkg:deb/debian/ncurses-bin@6.4-4?arch=amd64&distro=debian-12&package-id=c5b18ac268f2ccdf&upstream=ncurses
CVE-2023-51792	pkg:deb/debian/libde265-0@1.0.11-1%2Bdeb12u2?arch=amd64&distro=debian-12&package-id=e9e852b82b9bceda&upstream=libde265
CVE-2023-52355	pkg:deb/debian/libtiff6@4.5.0-6%2Bdeb12u3?arch=amd64&distro=debian-12&package-id=017939ea1216b685&upstream=tiff
CVE-2023-52426	pkg:deb/debian/libexpat1@2.5.0-1%2Bdeb12u2?arch=amd64&distro=debian-12&package-id=66ec0b239b3dc1ac&upstream=expat
CVE-2023-6228	pkg:deb/debian/libtiff6@4.5.0-6%2Bdeb12u3?arch=amd64&distro=debian-12&package-id=017939ea1216b685&upstream=tiff
CVE-2023-6277	pkg:deb/debian/libtiff6@4.5.0-6%2Bdeb12u3?arch=amd64&distro=debian-12&package-id=017939ea1216b685&upstream=tiff
CVE-2023-6879	pkg:deb/debian/libaom3@3.6.0-1%2Bdeb12u2?arch=amd64&distro=debian-12&package-id=9e3b0cc1c76e74b4&upstream=aom
CVE-2024-10041	pkg:deb/debian/libpam-modules-bin@1.5.2-6%2Bdeb12u2?arch=amd64&distro=debian-12&package-id=372dffabd059479c&upstream=pam
CVE-2024-10041	pkg:deb/debian/libpam-modules@1.5.2-6%2Bdeb12u2?arch=amd64&distro=debian-12&package-id=4cab7ef7de016d31&upstream=pam
CVE-2024-10041	pkg:deb/debian/libpam-runtime@1.5.2-6%2Bdeb12u2?arch=all&distro=debian-12&package-id=ca1034d5d24bcf54&upstream=pam
CVE-2024-10041	pkg:deb/debian/libpam0g@1.5.2-6%2Bdeb12u2?arch=amd64&distro=debian-12&package-id=87d8465053cf56c8&upstream=pam
CVE-2024-13978	pkg:deb/debian/libtiff6@4.5.0-6%2Bdeb12u3?arch=amd64&distro=debian-12&package-id=017939ea1216b685&upstream=tiff
CVE-2024-2236	pkg:deb/debian/libgcrypt20@1.10.1-3?arch=amd64&distro=debian-12&package-id=d386f651d9220c9e
CVE-2024-2379	pkg:deb/debian/curl@7.88.1-10%2Bdeb12u14?arch=amd64&distro=debian-12&package-id=61f95e16aafc9e56
CVE-2024-2379	pkg:deb/debian/libcurl4@7.88.1-10%2Bdeb12u14?arch=amd64&distro=debian-12&package-id=09b36c5d81fca08e&upstream=curl
CVE-2024-25269	pkg:deb/debian/libheif1@1.15.1-1%2Bdeb12u1?arch=amd64&distro=debian-12&package-id=6dec48f68a6dce02&upstream=libheif
CVE-2024-26458	pkg:deb/debian/krb5-locales@1.20.1-2%2Bdeb12u4?arch=all&distro=debian-12&package-id=72fde445ac2455fc&upstream=krb5
CVE-2024-26458	pkg:deb/debian/libgssapi-krb5-2@1.20.1-2%2Bdeb12u4?arch=amd64&distro=debian-12&package-id=27dfed9942e654b2&upstream=krb5
CVE-2024-26458	pkg:deb/debian/libk5crypto3@1.20.1-2%2Bdeb12u4?arch=amd64&distro=debian-12&package-id=28bcce6865c31c7b&upstream=krb5
CVE-2024-26458	pkg:deb/debian/libkrb5-3@1.20.1-2%2Bdeb12u4?arch=amd64&distro=debian-12&package-id=be62ac862a4f20f3&upstream=krb5
CVE-2024-26458	pkg:deb/debian/libkrb5support0@1.20.1-2%2Bdeb12u4?arch=amd64&distro=debian-12&package-id=45c439166729c218&upstream=krb5
CVE-2024-26461	pkg:deb/debian/krb5-locales@1.20.1-2%2Bdeb12u4?arch=all&distro=debian-12&package-id=72fde445ac2455fc&upstream=krb5
CVE-2024-26461	pkg:deb/debian/libgssapi-krb5-2@1.20.1-2%2Bdeb12u4?arch=amd64&distro=debian-12&package-id=27dfed9942e654b2&upstream=krb5
CVE-2024-26461	pkg:deb/debian/libk5crypto3@1.20.1-2%2Bdeb12u4?arch=amd64&distro=debian-12&package-id=28bcce6865c31c7b&upstream=krb5
CVE-2024-26461	pkg:deb/debian/libkrb5-3@1.20.1-2%2Bdeb12u4?arch=amd64&distro=debian-12&package-id=be62ac862a4f20f3&upstream=krb5
CVE-2024-26461	pkg:deb/debian/libkrb5support0@1.20.1-2%2Bdeb12u4?arch=amd64&distro=debian-12&package-id=45c439166729c218&upstream=krb5
CVE-2024-28757	pkg:deb/debian/libexpat1@2.5.0-1%2Bdeb12u2?arch=amd64&distro=debian-12&package-id=66ec0b239b3dc1ac&upstream=expat
CVE-2024-38949	pkg:deb/debian/libde265-0@1.0.11-1%2Bdeb12u2?arch=amd64&distro=debian-12&package-id=e9e852b82b9bceda&upstream=libde265
CVE-2024-38950	pkg:deb/debian/libde265-0@1.0.11-1%2Bdeb12u2?arch=amd64&distro=debian-12&package-id=e9e852b82b9bceda&upstream=libde265
CVE-2024-53589	pkg:deb/debian/binutils-common@2.40-2?arch=amd64&distro=debian-12&package-id=5bcf7faea7019d8b&upstream=binutils
CVE-2024-53589	pkg:deb/debian/binutils-x86-64-linux-gnu@2.40-2?arch=amd64&distro=debian-12&package-id=d0e449f35480c447&upstream=binutils
CVE-2024-53589	pkg:deb/debian/binutils@2.40-2?arch=amd64&distro=debian-12&package-id=d842b59217648a95
CVE-2024-53589	pkg:deb/debian/libbinutils@2.40-2?arch=amd64&distro=debian-12&package-id=78054169459aae2f&upstream=binutils
CVE-2024-53589	pkg:deb/debian/libctf-nobfd0@2.40-2?arch=amd64&distro=debian-12&package-id=63bfd9a0d6ef6f63&upstream=binutils
CVE-2024-53589	pkg:deb/debian/libctf0@2.40-2?arch=amd64&distro=debian-12&package-id=79f92809e5afae8d&upstream=binutils
CVE-2024-53589	pkg:deb/debian/libgprofng0@2.40-2?arch=amd64&distro=debian-12&package-id=727693742e6e3639&upstream=binutils
CVE-2024-56433	pkg:deb/debian/login@1%3A4.13%2Bdfsg1-1%2Bdeb12u2?arch=amd64&distro=debian-12&package-id=d5e0daed57b0ef5c&upstream=shadow
CVE-2024-56433	pkg:deb/debian/passwd@1%3A4.13%2Bdfsg1-1%2Bdeb12u2?arch=amd64&distro=debian-12&package-id=1853000d374a22b0&upstream=shadow
CVE-2024-57360	pkg:deb/debian/binutils-common@2.40-2?arch=amd64&distro=debian-12&package-id=5bcf7faea7019d8b&upstream=binutils
CVE-2024-57360	pkg:deb/debian/binutils-x86-64-linux-gnu@2.40-2?arch=amd64&distro=debian-12&package-id=d0e449f35480c447&upstream=binutils
CVE-2024-57360	pkg:deb/debian/binutils@2.40-2?arch=amd64&distro=debian-12&package-id=d842b59217648a95
CVE-2024-57360	pkg:deb/debian/libbinutils@2.40-2?arch=amd64&distro=debian-12&package-id=78054169459aae2f&upstream=binutils
CVE-2024-57360	pkg:deb/debian/libctf-nobfd0@2.40-2?arch=amd64&distro=debian-12&package-id=63bfd9a0d6ef6f63&upstream=binutils
CVE-2024-57360	pkg:deb/debian/libctf0@2.40-2?arch=amd64&distro=debian-12&package-id=79f92809e5afae8d&upstream=binutils
CVE-2024-57360	pkg:deb/debian/libgprofng0@2.40-2?arch=amd64&distro=debian-12&package-id=727693742e6e3639&upstream=binutils
CVE-2025-0725	pkg:deb/debian/curl@7.88.1-10%2Bdeb12u14?arch=amd64&distro=debian-12&package-id=61f95e16aafc9e56
CVE-2025-0725	pkg:deb/debian/libcurl4@7.88.1-10%2Bdeb12u14?arch=amd64&distro=debian-12&package-id=09b36c5d81fca08e&upstream=curl
CVE-2025-0840	pkg:deb/debian/binutils-common@2.40-2?arch=amd64&distro=debian-12&package-id=5bcf7faea7019d8b&upstream=binutils
CVE-2025-0840	pkg:deb/debian/binutils-x86-64-linux-gnu@2.40-2?arch=amd64&distro=debian-12&package-id=d0e449f35480c447&upstream=binutils
CVE-2025-0840	pkg:deb/debian/binutils@2.40-2?arch=amd64&distro=debian-12&package-id=d842b59217648a95
CVE-2025-0840	pkg:deb/debian/libbinutils@2.40-2?arch=amd64&distro=debian-12&package-id=78054169459aae2f&upstream=binutils
CVE-2025-0840	pkg:deb/debian/libctf-nobfd0@2.40-2?arch=amd64&distro=debian-12&package-id=63bfd9a0d6ef6f63&upstream=binutils
CVE-2025-0840	pkg:deb/debian/libctf0@2.40-2?arch=amd64&distro=debian-12&package-id=79f92809e5afae8d&upstream=binutils
CVE-2025-0840	pkg:deb/debian/libgprofng0@2.40-2?arch=amd64&distro=debian-12&package-id=727693742e6e3639&upstream=binutils
CVE-2025-10148	pkg:deb/debian/curl@7.88.1-10%2Bdeb12u14?arch=amd64&distro=debian-12&package-id=61f95e16aafc9e56
CVE-2025-10148	pkg:deb/debian/libcurl4@7.88.1-10%2Bdeb12u14?arch=amd64&distro=debian-12&package-id=09b36c5d81fca08e&upstream=curl
CVE-2025-10966	pkg:deb/debian/curl@7.88.1-10%2Bdeb12u14?arch=amd64&distro=debian-12&package-id=61f95e16aafc9e56
CVE-2025-10966	pkg:deb/debian/libcurl4@7.88.1-10%2Bdeb12u14?arch=amd64&distro=debian-12&package-id=09b36c5d81fca08e&upstream=curl
CVE-2025-11081	pkg:deb/debian/binutils-common@2.40-2?arch=amd64&distro=debian-12&package-id=5bcf7faea7019d8b&upstream=binutils
CVE-2025-11081	pkg:deb/debian/binutils-x86-64-linux-gnu@2.40-2?arch=amd64&distro=debian-12&package-id=d0e449f35480c447&upstream=binutils
CVE-2025-11081	pkg:deb/debian/binutils@2.40-2?arch=amd64&distro=debian-12&package-id=d842b59217648a95
CVE-2025-11081	pkg:deb/debian/libbinutils@2.40-2?arch=amd64&distro=debian-12&package-id=78054169459aae2f&upstream=binutils
CVE-2025-11081	pkg:deb/debian/libctf-nobfd0@2.40-2?arch=amd64&distro=debian-12&package-id=63bfd9a0d6ef6f63&upstream=binutils
CVE-2025-11081	pkg:deb/debian/libctf0@2.40-2?arch=amd64&distro=debian-12&package-id=79f92809e5afae8d&upstream=binutils
CVE-2025-11081	pkg:deb/debian/libgprofng0@2.40-2?arch=amd64&distro=debian-12&package-id=727693742e6e3639&upstream=binutils
CVE-2025-11082	pkg:deb/debian/binutils-common@2.40-2?arch=amd64&distro=debian-12&package-id=5bcf7faea7019d8b&upstream=binutils
CVE-2025-11082	pkg:deb/debian/binutils-x86-64-linux-gnu@2.40-2?arch=amd64&distro=debian-12&package-id=d0e449f35480c447&upstream=binutils
CVE-2025-11082	pkg:deb/debian/binutils@2.40-2?arch=amd64&distro=debian-12&package-id=d842b59217648a95
CVE-2025-11082	pkg:deb/debian/libbinutils@2.40-2?arch=amd64&distro=debian-12&package-id=78054169459aae2f&upstream=binutils
CVE-2025-11082	pkg:deb/debian/libctf-nobfd0@2.40-2?arch=amd64&distro=debian-12&package-id=63bfd9a0d6ef6f63&upstream=binutils
CVE-2025-11082	pkg:deb/debian/libctf0@2.40-2?arch=amd64&distro=debian-12&package-id=79f92809e5afae8d&upstream=binutils
CVE-2025-11082	pkg:deb/debian/libgprofng0@2.40-2?arch=amd64&distro=debian-12&package-id=727693742e6e3639&upstream=binutils
CVE-2025-11083	pkg:deb/debian/binutils-common@2.40-2?arch=amd64&distro=debian-12&package-id=5bcf7faea7019d8b&upstream=binutils
CVE-2025-11083	pkg:deb/debian/binutils-x86-64-linux-gnu@2.40-2?arch=amd64&distro=debian-12&package-id=d0e449f35480c447&upstream=binutils
CVE-2025-11083	pkg:deb/debian/binutils@2.40-2?arch=amd64&distro=debian-12&package-id=d842b59217648a95
CVE-2025-11083	pkg:deb/debian/libbinutils@2.40-2?arch=amd64&distro=debian-12&package-id=78054169459aae2f&upstream=binutils
CVE-2025-11083	pkg:deb/debian/libctf-nobfd0@2.40-2?arch=amd64&distro=debian-12&package-id=63bfd9a0d6ef6f63&upstream=binutils
CVE-2025-11083	pkg:deb/debian/libctf0@2.40-2?arch=amd64&distro=debian-12&package-id=79f92809e5afae8d&upstream=binutils
CVE-2025-11083	pkg:deb/debian/libgprofng0@2.40-2?arch=amd64&distro=debian-12&package-id=727693742e6e3639&upstream=binutils
CVE-2025-11412	pkg:deb/debian/binutils-common@2.40-2?arch=amd64&distro=debian-12&package-id=5bcf7faea7019d8b&upstream=binutils
CVE-2025-11412	pkg:deb/debian/binutils-x86-64-linux-gnu@2.40-2?arch=amd64&distro=debian-12&package-id=d0e449f35480c447&upstream=binutils
CVE-2025-11412	pkg:deb/debian/binutils@2.40-2?arch=amd64&distro=debian-12&package-id=d842b59217648a95
CVE-2025-11412	pkg:deb/debian/libbinutils@2.40-2?arch=amd64&distro=debian-12&package-id=78054169459aae2f&upstream=binutils
CVE-2025-11412	pkg:deb/debian/libctf-nobfd0@2.40-2?arch=amd64&distro=debian-12&package-id=63bfd9a0d6ef6f63&upstream=binutils
CVE-2025-11412	pkg:deb/debian/libctf0@2.40-2?arch=amd64&distro=debian-12&package-id=79f92809e5afae8d&upstream=binutils
CVE-2025-11412	pkg:deb/debian/libgprofng0@2.40-2?arch=amd64&distro=debian-12&package-id=727693742e6e3639&upstream=binutils
CVE-2025-11413	pkg:deb/debian/binutils-common@2.40-2?arch=amd64&distro=debian-12&package-id=5bcf7faea7019d8b&upstream=binutils
CVE-2025-11413	pkg:deb/debian/binutils-x86-64-linux-gnu@2.40-2?arch=amd64&distro=debian-12&package-id=d0e449f35480c447&upstream=binutils
CVE-2025-11413	pkg:deb/debian/binutils@2.40-2?arch=amd64&distro=debian-12&package-id=d842b59217648a95
CVE-2025-11413	pkg:deb/debian/libbinutils@2.40-2?arch=amd64&distro=debian-12&package-id=78054169459aae2f&upstream=binutils
CVE-2025-11413	pkg:deb/debian/libctf-nobfd0@2.40-2?arch=amd64&distro=debian-12&package-id=63bfd9a0d6ef6f63&upstream=binutils
CVE-2025-11413	pkg:deb/debian/libctf0@2.40-2?arch=amd64&distro=debian-12&package-id=79f92809e5afae8d&upstream=binutils
CVE-2025-11413	pkg:deb/debian/libgprofng0@2.40-2?arch=amd64&distro=debian-12&package-id=727693742e6e3639&upstream=binutils
CVE-2025-11414	pkg:deb/debian/binutils-common@2.40-2?arch=amd64&distro=debian-12&package-id=5bcf7faea7019d8b&upstream=binutils
CVE-2025-11414	pkg:deb/debian/binutils-x86-64-linux-gnu@2.40-2?arch=amd64&distro=debian-12&package-id=d0e449f35480c447&upstream=binutils
CVE-2025-11414	pkg:deb/debian/binutils@2.40-2?arch=amd64&distro=debian-12&package-id=d842b59217648a95
CVE-2025-11414	pkg:deb/debian/libbinutils@2.40-2?arch=amd64&distro=debian-12&package-id=78054169459aae2f&upstream=binutils
CVE-2025-11414	pkg:deb/debian/libctf-nobfd0@2.40-2?arch=amd64&distro=debian-12&package-id=63bfd9a0d6ef6f63&upstream=binutils
CVE-2025-11414	pkg:deb/debian/libctf0@2.40-2?arch=amd64&distro=debian-12&package-id=79f92809e5afae8d&upstream=binutils
CVE-2025-11414	pkg:deb/debian/libgprofng0@2.40-2?arch=amd64&distro=debian-12&package-id=727693742e6e3639&upstream=binutils
CVE-2025-1147	pkg:deb/debian/binutils-common@2.40-2?arch=amd64&distro=debian-12&package-id=5bcf7faea7019d8b&upstream=binutils
CVE-2025-1147	pkg:deb/debian/binutils-x86-64-linux-gnu@2.40-2?arch=amd64&distro=debian-12&package-id=d0e449f35480c447&upstream=binutils
CVE-2025-1147	pkg:deb/debian/binutils@2.40-2?arch=amd64&distro=debian-12&package-id=d842b59217648a95
CVE-2025-1147	pkg:deb/debian/libbinutils@2.40-2?arch=amd64&distro=debian-12&package-id=78054169459aae2f&upstream=binutils
CVE-2025-1147	pkg:deb/debian/libctf-nobfd0@2.40-2?arch=amd64&distro=debian-12&package-id=63bfd9a0d6ef6f63&upstream=binutils
CVE-2025-1147	pkg:deb/debian/libctf0@2.40-2?arch=amd64&distro=debian-12&package-id=79f92809e5afae8d&upstream=binutils
CVE-2025-1147	pkg:deb/debian/libgprofng0@2.40-2?arch=amd64&distro=debian-12&package-id=727693742e6e3639&upstream=binutils
CVE-2025-1148	pkg:deb/debian/binutils-common@2.40-2?arch=amd64&distro=debian-12&package-id=5bcf7faea7019d8b&upstream=binutils
CVE-2025-1148	pkg:deb/debian/binutils-x86-64-linux-gnu@2.40-2?arch=amd64&distro=debian-12&package-id=d0e449f35480c447&upstream=binutils
CVE-2025-1148	pkg:deb/debian/binutils@2.40-2?arch=amd64&distro=debian-12&package-id=d842b59217648a95
CVE-2025-1148	pkg:deb/debian/libbinutils@2.40-2?arch=amd64&distro=debian-12&package-id=78054169459aae2f&upstream=binutils
CVE-2025-1148	pkg:deb/debian/libctf-nobfd0@2.40-2?arch=amd64&distro=debian-12&package-id=63bfd9a0d6ef6f63&upstream=binutils
CVE-2025-1148	pkg:deb/debian/libctf0@2.40-2?arch=amd64&distro=debian-12&package-id=79f92809e5afae8d&upstream=binutils
CVE-2025-1148	pkg:deb/debian/libgprofng0@2.40-2?arch=amd64&distro=debian-12&package-id=727693742e6e3639&upstream=binutils
CVE-2025-1149	pkg:deb/debian/binutils-common@2.40-2?arch=amd64&distro=debian-12&package-id=5bcf7faea7019d8b&upstream=binutils
CVE-2025-1149	pkg:deb/debian/binutils-x86-64-linux-gnu@2.40-2?arch=amd64&distro=debian-12&package-id=d0e449f35480c447&upstream=binutils
CVE-2025-1149	pkg:deb/debian/binutils@2.40-2?arch=amd64&distro=debian-12&package-id=d842b59217648a95
CVE-2025-1149	pkg:deb/debian/libbinutils@2.40-2?arch=amd64&distro=debian-12&package-id=78054169459aae2f&upstream=binutils
CVE-2025-1149	pkg:deb/debian/libctf-nobfd0@2.40-2?arch=amd64&distro=debian-12&package-id=63bfd9a0d6ef6f63&upstream=binutils
CVE-2025-1149	pkg:deb/debian/libctf0@2.40-2?arch=amd64&distro=debian-12&package-id=79f92809e5afae8d&upstream=binutils
CVE-2025-1149	pkg:deb/debian/libgprofng0@2.40-2?arch=amd64&distro=debian-12&package-id=727693742e6e3639&upstream=binutils
CVE-2025-11494	pkg:deb/debian/binutils-common@2.40-2?arch=amd64&distro=debian-12&package-id=5bcf7faea7019d8b&upstream=binutils
CVE-2025-11494	pkg:deb/debian/binutils-x86-64-linux-gnu@2.40-2?arch=amd64&distro=debian-12&package-id=d0e449f35480c447&upstream=binutils
CVE-2025-11494	pkg:deb/debian/binutils@2.40-2?arch=amd64&distro=debian-12&package-id=d842b59217648a95
CVE-2025-11494	pkg:deb/debian/libbinutils@2.40-2?arch=amd64&distro=debian-12&package-id=78054169459aae2f&upstream=binutils
CVE-2025-11494	pkg:deb/debian/libctf-nobfd0@2.40-2?arch=amd64&distro=debian-12&package-id=63bfd9a0d6ef6f63&upstream=binutils
CVE-2025-11494	pkg:deb/debian/libctf0@2.40-2?arch=amd64&distro=debian-12&package-id=79f92809e5afae8d&upstream=binutils
CVE-2025-11494	pkg:deb/debian/libgprofng0@2.40-2?arch=amd64&distro=debian-12&package-id=727693742e6e3639&upstream=binutils
CVE-2025-11495	pkg:deb/debian/binutils-common@2.40-2?arch=amd64&distro=debian-12&package-id=5bcf7faea7019d8b&upstream=binutils
CVE-2025-11495	pkg:deb/debian/binutils-x86-64-linux-gnu@2.40-2?arch=amd64&distro=debian-12&package-id=d0e449f35480c447&upstream=binutils
CVE-2025-11495	pkg:deb/debian/binutils@2.40-2?arch=amd64&distro=debian-12&package-id=d842b59217648a95
CVE-2025-11495	pkg:deb/debian/libbinutils@2.40-2?arch=amd64&distro=debian-12&package-id=78054169459aae2f&upstream=binutils
CVE-2025-11495	pkg:deb/debian/libctf-nobfd0@2.40-2?arch=amd64&distro=debian-12&package-id=63bfd9a0d6ef6f63&upstream=binutils
CVE-2025-11495	pkg:deb/debian/libctf0@2.40-2?arch=amd64&distro=debian-12&package-id=79f92809e5afae8d&upstream=binutils
CVE-2025-11495	pkg:deb/debian/libgprofng0@2.40-2?arch=amd64&distro=debian-12&package-id=727693742e6e3639&upstream=binutils
CVE-2025-1150	pkg:deb/debian/binutils-common@2.40-2?arch=amd64&distro=debian-12&package-id=5bcf7faea7019d8b&upstream=binutils
CVE-2025-1150	pkg:deb/debian/binutils-x86-64-linux-gnu@2.40-2?arch=amd64&distro=debian-12&package-id=d0e449f35480c447&upstream=binutils
CVE-2025-1150	pkg:deb/debian/binutils@2.40-2?arch=amd64&distro=debian-12&package-id=d842b59217648a95
CVE-2025-1150	pkg:deb/debian/libbinutils@2.40-2?arch=amd64&distro=debian-12&package-id=78054169459aae2f&upstream=binutils
CVE-2025-1150	pkg:deb/debian/libctf-nobfd0@2.40-2?arch=amd64&distro=debian-12&package-id=63bfd9a0d6ef6f63&upstream=binutils
CVE-2025-1150	pkg:deb/debian/libctf0@2.40-2?arch=amd64&distro=debian-12&package-id=79f92809e5afae8d&upstream=binutils
CVE-2025-1150	pkg:deb/debian/libgprofng0@2.40-2?arch=amd64&distro=debian-12&package-id=727693742e6e3639&upstream=binutils
CVE-2025-1151	pkg:deb/debian/binutils-common@2.40-2?arch=amd64&distro=debian-12&package-id=5bcf7faea7019d8b&upstream=binutils
CVE-2025-1151	pkg:deb/debian/binutils-x86-64-linux-gnu@2.40-2?arch=amd64&distro=debian-12&package-id=d0e449f35480c447&upstream=binutils
CVE-2025-1151	pkg:deb/debian/binutils@2.40-2?arch=amd64&distro=debian-12&package-id=d842b59217648a95
CVE-2025-1151	pkg:deb/debian/libbinutils@2.40-2?arch=amd64&distro=debian-12&package-id=78054169459aae2f&upstream=binutils
CVE-2025-1151	pkg:deb/debian/libctf-nobfd0@2.40-2?arch=amd64&distro=debian-12&package-id=63bfd9a0d6ef6f63&upstream=binutils
CVE-2025-1151	pkg:deb/debian/libctf0@2.40-2?arch=amd64&distro=debian-12&package-id=79f92809e5afae8d&upstream=binutils
CVE-2025-1151	pkg:deb/debian/libgprofng0@2.40-2?arch=amd64&distro=debian-12&package-id=727693742e6e3639&upstream=binutils
CVE-2025-1152	pkg:deb/debian/binutils-common@2.40-2?arch=amd64&distro=debian-12&package-id=5bcf7faea7019d8b&upstream=binutils
CVE-2025-1152	pkg:deb/debian/binutils-x86-64-linux-gnu@2.40-2?arch=amd64&distro=debian-12&package-id=d0e449f35480c447&upstream=binutils
CVE-2025-1152	pkg:deb/debian/binutils@2.40-2?arch=amd64&distro=debian-12&package-id=d842b59217648a95
CVE-2025-1152	pkg:deb/debian/libbinutils@2.40-2?arch=amd64&distro=debian-12&package-id=78054169459aae2f&upstream=binutils
CVE-2025-1152	pkg:deb/debian/libctf-nobfd0@2.40-2?arch=amd64&distro=debian-12&package-id=63bfd9a0d6ef6f63&upstream=binutils
CVE-2025-1152	pkg:deb/debian/libctf0@2.40-2?arch=amd64&distro=debian-12&package-id=79f92809e5afae8d&upstream=binutils
CVE-2025-1152	pkg:deb/debian/libgprofng0@2.40-2?arch=amd64&distro=debian-12&package-id=727693742e6e3639&upstream=binutils
CVE-2025-1153	pkg:deb/debian/binutils-common@2.40-2?arch=amd64&distro=debian-12&package-id=5bcf7faea7019d8b&upstream=binutils
CVE-2025-1153	pkg:deb/debian/binutils-x86-64-linux-gnu@2.40-2?arch=amd64&distro=debian-12&package-id=d0e449f35480c447&upstream=binutils
CVE-2025-1153	pkg:deb/debian/binutils@2.40-2?arch=amd64&distro=debian-12&package-id=d842b59217648a95
CVE-2025-1153	pkg:deb/debian/libbinutils@2.40-2?arch=amd64&distro=debian-12&package-id=78054169459aae2f&upstream=binutils
CVE-2025-1153	pkg:deb/debian/libctf-nobfd0@2.40-2?arch=amd64&distro=debian-12&package-id=63bfd9a0d6ef6f63&upstream=binutils
CVE-2025-1153	pkg:deb/debian/libctf0@2.40-2?arch=amd64&distro=debian-12&package-id=79f92809e5afae8d&upstream=binutils
CVE-2025-1153	pkg:deb/debian/libgprofng0@2.40-2?arch=amd64&distro=debian-12&package-id=727693742e6e3639&upstream=binutils
CVE-2025-1176	pkg:deb/debian/binutils-common@2.40-2?arch=amd64&distro=debian-12&package-id=5bcf7faea7019d8b&upstream=binutils
CVE-2025-1176	pkg:deb/debian/binutils-x86-64-linux-gnu@2.40-2?arch=amd64&distro=debian-12&package-id=d0e449f35480c447&upstream=binutils
CVE-2025-1176	pkg:deb/debian/binutils@2.40-2?arch=amd64&distro=debian-12&package-id=d842b59217648a95
CVE-2025-1176	pkg:deb/debian/libbinutils@2.40-2?arch=amd64&distro=debian-12&package-id=78054169459aae2f&upstream=binutils
CVE-2025-1176	pkg:deb/debian/libctf-nobfd0@2.40-2?arch=amd64&distro=debian-12&package-id=63bfd9a0d6ef6f63&upstream=binutils
CVE-2025-1176	pkg:deb/debian/libctf0@2.40-2?arch=amd64&distro=debian-12&package-id=79f92809e5afae8d&upstream=binutils
CVE-2025-1176	pkg:deb/debian/libgprofng0@2.40-2?arch=amd64&distro=debian-12&package-id=727693742e6e3639&upstream=binutils
CVE-2025-1178	pkg:deb/debian/binutils-common@2.40-2?arch=amd64&distro=debian-12&package-id=5bcf7faea7019d8b&upstream=binutils
CVE-2025-1178	pkg:deb/debian/binutils-x86-64-linux-gnu@2.40-2?arch=amd64&distro=debian-12&package-id=d0e449f35480c447&upstream=binutils
CVE-2025-1178	pkg:deb/debian/binutils@2.40-2?arch=amd64&distro=debian-12&package-id=d842b59217648a95
CVE-2025-1178	pkg:deb/debian/libbinutils@2.40-2?arch=amd64&distro=debian-12&package-id=78054169459aae2f&upstream=binutils
CVE-2025-1178	pkg:deb/debian/libctf-nobfd0@2.40-2?arch=amd64&distro=debian-12&package-id=63bfd9a0d6ef6f63&upstream=binutils
CVE-2025-1178	pkg:deb/debian/libctf0@2.40-2?arch=amd64&distro=debian-12&package-id=79f92809e5afae8d&upstream=binutils
CVE-2025-1178	pkg:deb/debian/libgprofng0@2.40-2?arch=amd64&distro=debian-12&package-id=727693742e6e3639&upstream=binutils
CVE-2025-1179	pkg:deb/debian/binutils-common@2.40-2?arch=amd64&distro=debian-12&package-id=5bcf7faea7019d8b&upstream=binutils
CVE-2025-1179	pkg:deb/debian/binutils-x86-64-linux-gnu@2.40-2?arch=amd64&distro=debian-12&package-id=d0e449f35480c447&upstream=binutils
CVE-2025-1179	pkg:deb/debian/binutils@2.40-2?arch=amd64&distro=debian-12&package-id=d842b59217648a95
CVE-2025-1179	pkg:deb/debian/libbinutils@2.40-2?arch=amd64&distro=debian-12&package-id=78054169459aae2f&upstream=binutils
CVE-2025-1179	pkg:deb/debian/libctf-nobfd0@2.40-2?arch=amd64&distro=debian-12&package-id=63bfd9a0d6ef6f63&upstream=binutils
CVE-2025-1179	pkg:deb/debian/libctf0@2.40-2?arch=amd64&distro=debian-12&package-id=79f92809e5afae8d&upstream=binutils
CVE-2025-1179	pkg:deb/debian/libgprofng0@2.40-2?arch=amd64&distro=debian-12&package-id=727693742e6e3639&upstream=binutils
CVE-2025-1180	pkg:deb/debian/binutils-common@2.40-2?arch=amd64&distro=debian-12&package-id=5bcf7faea7019d8b&upstream=binutils
CVE-2025-1180	pkg:deb/debian/binutils-x86-64-linux-gnu@2.40-2?arch=amd64&distro=debian-12&package-id=d0e449f35480c447&upstream=binutils
CVE-2025-1180	pkg:deb/debian/binutils@2.40-2?arch=amd64&distro=debian-12&package-id=d842b59217648a95
CVE-2025-1180	pkg:deb/debian/libbinutils@2.40-2?arch=amd64&distro=debian-12&package-id=78054169459aae2f&upstream=binutils
CVE-2025-1180	pkg:deb/debian/libctf-nobfd0@2.40-2?arch=amd64&distro=debian-12&package-id=63bfd9a0d6ef6f63&upstream=binutils
CVE-2025-1180	pkg:deb/debian/libctf0@2.40-2?arch=amd64&distro=debian-12&package-id=79f92809e5afae8d&upstream=binutils
CVE-2025-1180	pkg:deb/debian/libgprofng0@2.40-2?arch=amd64&distro=debian-12&package-id=727693742e6e3639&upstream=binutils
CVE-2025-1181	pkg:deb/debian/binutils-common@2.40-2?arch=amd64&distro=debian-12&package-id=5bcf7faea7019d8b&upstream=binutils
CVE-2025-1181	pkg:deb/debian/binutils-x86-64-linux-gnu@2.40-2?arch=amd64&distro=debian-12&package-id=d0e449f35480c447&upstream=binutils
CVE-2025-1181	pkg:deb/debian/binutils@2.40-2?arch=amd64&distro=debian-12&package-id=d842b59217648a95
CVE-2025-1181	pkg:deb/debian/libbinutils@2.40-2?arch=amd64&distro=debian-12&package-id=78054169459aae2f&upstream=binutils
CVE-2025-1181	pkg:deb/debian/libctf-nobfd0@2.40-2?arch=amd64&distro=debian-12&package-id=63bfd9a0d6ef6f63&upstream=binutils
CVE-2025-1181	pkg:deb/debian/libctf0@2.40-2?arch=amd64&distro=debian-12&package-id=79f92809e5afae8d&upstream=binutils
CVE-2025-1181	pkg:deb/debian/libgprofng0@2.40-2?arch=amd64&distro=debian-12&package-id=727693742e6e3639&upstream=binutils
CVE-2025-1182	pkg:deb/debian/binutils-common@2.40-2?arch=amd64&distro=debian-12&package-id=5bcf7faea7019d8b&upstream=binutils
CVE-2025-1182	pkg:deb/debian/binutils-x86-64-linux-gnu@2.40-2?arch=amd64&distro=debian-12&package-id=d0e449f35480c447&upstream=binutils
CVE-2025-1182	pkg:deb/debian/binutils@2.40-2?arch=amd64&distro=debian-12&package-id=d842b59217648a95
CVE-2025-1182	pkg:deb/debian/libbinutils@2.40-2?arch=amd64&distro=debian-12&package-id=78054169459aae2f&upstream=binutils
CVE-2025-1182	pkg:deb/debian/libctf-nobfd0@2.40-2?arch=amd64&distro=debian-12&package-id=63bfd9a0d6ef6f63&upstream=binutils
CVE-2025-1182	pkg:deb/debian/libctf0@2.40-2?arch=amd64&distro=debian-12&package-id=79f92809e5afae8d&upstream=binutils
CVE-2025-1182	pkg:deb/debian/libgprofng0@2.40-2?arch=amd64&distro=debian-12&package-id=727693742e6e3639&upstream=binutils
CVE-2025-11839	pkg:deb/debian/binutils-common@2.40-2?arch=amd64&distro=debian-12&package-id=5bcf7faea7019d8b&upstream=binutils
CVE-2025-11839	pkg:deb/debian/binutils-x86-64-linux-gnu@2.40-2?arch=amd64&distro=debian-12&package-id=d0e449f35480c447&upstream=binutils
CVE-2025-11839	pkg:deb/debian/binutils@2.40-2?arch=amd64&distro=debian-12&package-id=d842b59217648a95
CVE-2025-11839	pkg:deb/debian/libbinutils@2.40-2?arch=amd64&distro=debian-12&package-id=78054169459aae2f&upstream=binutils
CVE-2025-11839	pkg:deb/debian/libctf-nobfd0@2.40-2?arch=amd64&distro=debian-12&package-id=63bfd9a0d6ef6f63&upstream=binutils
CVE-2025-11839	pkg:deb/debian/libctf0@2.40-2?arch=amd64&distro=debian-12&package-id=79f92809e5afae8d&upstream=binutils
CVE-2025-11839	pkg:deb/debian/libgprofng0@2.40-2?arch=amd64&distro=debian-12&package-id=727693742e6e3639&upstream=binutils
CVE-2025-11840	pkg:deb/debian/binutils-common@2.40-2?arch=amd64&distro=debian-12&package-id=5bcf7faea7019d8b&upstream=binutils
CVE-2025-11840	pkg:deb/debian/binutils-x86-64-linux-gnu@2.40-2?arch=amd64&distro=debian-12&package-id=d0e449f35480c447&upstream=binutils
CVE-2025-11840	pkg:deb/debian/binutils@2.40-2?arch=amd64&distro=debian-12&package-id=d842b59217648a95
CVE-2025-11840	pkg:deb/debian/libbinutils@2.40-2?arch=amd64&distro=debian-12&package-id=78054169459aae2f&upstream=binutils
CVE-2025-11840	pkg:deb/debian/libctf-nobfd0@2.40-2?arch=amd64&distro=debian-12&package-id=63bfd9a0d6ef6f63&upstream=binutils
CVE-2025-11840	pkg:deb/debian/libctf0@2.40-2?arch=amd64&distro=debian-12&package-id=79f92809e5afae8d&upstream=binutils
CVE-2025-11840	pkg:deb/debian/libgprofng0@2.40-2?arch=amd64&distro=debian-12&package-id=727693742e6e3639&upstream=binutils
CVE-2025-13151	pkg:deb/debian/libtasn1-6@4.19.0-2%2Bdeb12u1?arch=amd64&distro=debian-12&package-id=43e8c6e1dbd41a5d
CVE-2025-14017	pkg:deb/debian/curl@7.88.1-10%2Bdeb12u14?arch=amd64&distro=debian-12&package-id=61f95e16aafc9e56
CVE-2025-14017	pkg:deb/debian/libcurl4@7.88.1-10%2Bdeb12u14?arch=amd64&distro=debian-12&package-id=09b36c5d81fca08e&upstream=curl
CVE-2025-14104	pkg:deb/debian/bsdutils@1%3A2.38.1-5%2Bdeb12u3?arch=amd64&distro=debian-12&package-id=f131145b816a43ee&upstream=util-linux%402.38.1-5%2Bdeb12u3
CVE-2025-14104	pkg:deb/debian/libblkid1@2.38.1-5%2Bdeb12u3?arch=amd64&distro=debian-12&package-id=af35543f081d70bf&upstream=util-linux
CVE-2025-14104	pkg:deb/debian/libmount1@2.38.1-5%2Bdeb12u3?arch=amd64&distro=debian-12&package-id=3578a81ebb651f3d&upstream=util-linux
CVE-2025-14104	pkg:deb/debian/libsmartcols1@2.38.1-5%2Bdeb12u3?arch=amd64&distro=debian-12&package-id=ecee94562f1ce06f&upstream=util-linux
CVE-2025-14104	pkg:deb/debian/libuuid1@2.38.1-5%2Bdeb12u3?arch=amd64&distro=debian-12&package-id=2049f4c13963925a&upstream=util-linux
CVE-2025-14104	pkg:deb/debian/mount@2.38.1-5%2Bdeb12u3?arch=amd64&distro=debian-12&package-id=e75e0a2b6968d414&upstream=util-linux
CVE-2025-14104	pkg:deb/debian/util-linux-extra@2.38.1-5%2Bdeb12u3?arch=amd64&distro=debian-12&package-id=fc9180bcad1f4d49&upstream=util-linux
CVE-2025-14104	pkg:deb/debian/util-linux@2.38.1-5%2Bdeb12u3?arch=amd64&distro=debian-12&package-id=b11f4a313957922c
CVE-2025-14104	pkg:deb/debian/uuid-runtime@2.38.1-5%2Bdeb12u3?arch=amd64&distro=debian-12&package-id=9cb935fafd01439f&upstream=util-linux
CVE-2025-14524	pkg:deb/debian/curl@7.88.1-10%2Bdeb12u14?arch=amd64&distro=debian-12&package-id=61f95e16aafc9e56
CVE-2025-14524	pkg:deb/debian/libcurl4@7.88.1-10%2Bdeb12u14?arch=amd64&distro=debian-12&package-id=09b36c5d81fca08e&upstream=curl
CVE-2025-14819	pkg:deb/debian/curl@7.88.1-10%2Bdeb12u14?arch=amd64&distro=debian-12&package-id=61f95e16aafc9e56
CVE-2025-14819	pkg:deb/debian/libcurl4@7.88.1-10%2Bdeb12u14?arch=amd64&distro=debian-12&package-id=09b36c5d81fca08e&upstream=curl
CVE-2025-15079	pkg:deb/debian/curl@7.88.1-10%2Bdeb12u14?arch=amd64&distro=debian-12&package-id=61f95e16aafc9e56
CVE-2025-15079	pkg:deb/debian/libcurl4@7.88.1-10%2Bdeb12u14?arch=amd64&distro=debian-12&package-id=09b36c5d81fca08e&upstream=curl
CVE-2025-15224	pkg:deb/debian/curl@7.88.1-10%2Bdeb12u14?arch=amd64&distro=debian-12&package-id=61f95e16aafc9e56
CVE-2025-15224	pkg:deb/debian/libcurl4@7.88.1-10%2Bdeb12u14?arch=amd64&distro=debian-12&package-id=09b36c5d81fca08e&upstream=curl
CVE-2025-15281	pkg:deb/debian/libc-bin@2.36-9%2Bdeb12u13?arch=amd64&distro=debian-12&package-id=e90934cdc31ca290&upstream=glibc
CVE-2025-15281	pkg:deb/debian/libc-dev-bin@2.36-9%2Bdeb12u13?arch=amd64&distro=debian-12&package-id=a441f47cb7456001&upstream=glibc
CVE-2025-15281	pkg:deb/debian/libc-devtools@2.36-9%2Bdeb12u13?arch=amd64&distro=debian-12&package-id=14dc64240f4a6401&upstream=glibc
CVE-2025-15281	pkg:deb/debian/libc6-dev@2.36-9%2Bdeb12u13?arch=amd64&distro=debian-12&package-id=1f4a92bc30931514&upstream=glibc
CVE-2025-15281	pkg:deb/debian/libc6@2.36-9%2Bdeb12u13?arch=amd64&distro=debian-12&package-id=0ab22287b6343f5c&upstream=glibc
CVE-2025-27587	pkg:deb/debian/libssl3@3.0.18-1~deb12u2?arch=amd64&distro=debian-12&package-id=35e262a0bed1c5f7&upstream=openssl
CVE-2025-27587	pkg:deb/debian/openssl@3.0.18-1~deb12u2?arch=amd64&distro=debian-12&package-id=040060437888b04a
CVE-2025-28162	pkg:deb/debian/libpng16-16@1.6.39-2%2Bdeb12u1?arch=amd64&distro=debian-12&package-id=d50b56e6adfee72a&upstream=libpng1.6
CVE-2025-28164	pkg:deb/debian/libpng16-16@1.6.39-2%2Bdeb12u1?arch=amd64&distro=debian-12&package-id=d50b56e6adfee72a&upstream=libpng1.6
CVE-2025-30258	pkg:deb/debian/gpgv@2.2.40-1.1%2Bdeb12u2?arch=amd64&distro=debian-12&package-id=bab4532a87a829c8&upstream=gnupg2
CVE-2025-3198	pkg:deb/debian/binutils-common@2.40-2?arch=amd64&distro=debian-12&package-id=5bcf7faea7019d8b&upstream=binutils
CVE-2025-3198	pkg:deb/debian/binutils-x86-64-linux-gnu@2.40-2?arch=amd64&distro=debian-12&package-id=d0e449f35480c447&upstream=binutils
CVE-2025-3198	pkg:deb/debian/binutils@2.40-2?arch=amd64&distro=debian-12&package-id=d842b59217648a95
CVE-2025-3198	pkg:deb/debian/libbinutils@2.40-2?arch=amd64&distro=debian-12&package-id=78054169459aae2f&upstream=binutils
CVE-2025-3198	pkg:deb/debian/libctf-nobfd0@2.40-2?arch=amd64&distro=debian-12&package-id=63bfd9a0d6ef6f63&upstream=binutils
CVE-2025-3198	pkg:deb/debian/libctf0@2.40-2?arch=amd64&distro=debian-12&package-id=79f92809e5afae8d&upstream=binutils
CVE-2025-3198	pkg:deb/debian/libgprofng0@2.40-2?arch=amd64&distro=debian-12&package-id=727693742e6e3639&upstream=binutils
CVE-2025-5244	pkg:deb/debian/binutils-common@2.40-2?arch=amd64&distro=debian-12&package-id=5bcf7faea7019d8b&upstream=binutils
CVE-2025-5244	pkg:deb/debian/binutils-x86-64-linux-gnu@2.40-2?arch=amd64&distro=debian-12&package-id=d0e449f35480c447&upstream=binutils
CVE-2025-5244	pkg:deb/debian/binutils@2.40-2?arch=amd64&distro=debian-12&package-id=d842b59217648a95
CVE-2025-5244	pkg:deb/debian/libbinutils@2.40-2?arch=amd64&distro=debian-12&package-id=78054169459aae2f&upstream=binutils
CVE-2025-5244	pkg:deb/debian/libctf-nobfd0@2.40-2?arch=amd64&distro=debian-12&package-id=63bfd9a0d6ef6f63&upstream=binutils
CVE-2025-5244	pkg:deb/debian/libctf0@2.40-2?arch=amd64&distro=debian-12&package-id=79f92809e5afae8d&upstream=binutils
CVE-2025-5244	pkg:deb/debian/libgprofng0@2.40-2?arch=amd64&distro=debian-12&package-id=727693742e6e3639&upstream=binutils
CVE-2025-5245	pkg:deb/debian/binutils-common@2.40-2?arch=amd64&distro=debian-12&package-id=5bcf7faea7019d8b&upstream=binutils
CVE-2025-5245	pkg:deb/debian/binutils-x86-64-linux-gnu@2.40-2?arch=amd64&distro=debian-12&package-id=d0e449f35480c447&upstream=binutils
CVE-2025-5245	pkg:deb/debian/binutils@2.40-2?arch=amd64&distro=debian-12&package-id=d842b59217648a95
CVE-2025-5245	pkg:deb/debian/libbinutils@2.40-2?arch=amd64&distro=debian-12&package-id=78054169459aae2f&upstream=binutils
CVE-2025-5245	pkg:deb/debian/libctf-nobfd0@2.40-2?arch=amd64&distro=debian-12&package-id=63bfd9a0d6ef6f63&upstream=binutils
CVE-2025-5245	pkg:deb/debian/libctf0@2.40-2?arch=amd64&distro=debian-12&package-id=79f92809e5afae8d&upstream=binutils
CVE-2025-5245	pkg:deb/debian/libgprofng0@2.40-2?arch=amd64&distro=debian-12&package-id=727693742e6e3639&upstream=binutils
CVE-2025-5278	pkg:deb/debian/coreutils@9.1-1?arch=amd64&distro=debian-12&package-id=eca37691b87c0860
CVE-2025-59375	pkg:deb/debian/libexpat1@2.5.0-1%2Bdeb12u2?arch=amd64&distro=debian-12&package-id=66ec0b239b3dc1ac&upstream=expat
CVE-2025-6141	pkg:deb/debian/libtinfo6@6.4-4?arch=amd64&distro=debian-12&package-id=a6231fb14cfeaaac&upstream=ncurses
CVE-2025-6141	pkg:deb/debian/ncurses-base@6.4-4?arch=all&distro=debian-12&package-id=ec73073218fd031a&upstream=ncurses
CVE-2025-6141	pkg:deb/debian/ncurses-bin@6.4-4?arch=amd64&distro=debian-12&package-id=c5b18ac268f2ccdf&upstream=ncurses
CVE-2025-6297	pkg:deb/debian/dpkg@1.21.22?arch=amd64&distro=debian-12&package-id=2818345ae43ed06c
CVE-2025-66382	pkg:deb/debian/libexpat1@2.5.0-1%2Bdeb12u2?arch=amd64&distro=debian-12&package-id=66ec0b239b3dc1ac&upstream=expat
CVE-2025-66861	pkg:deb/debian/binutils-common@2.40-2?arch=amd64&distro=debian-12&package-id=5bcf7faea7019d8b&upstream=binutils
CVE-2025-66861	pkg:deb/debian/binutils-x86-64-linux-gnu@2.40-2?arch=amd64&distro=debian-12&package-id=d0e449f35480c447&upstream=binutils
CVE-2025-66861	pkg:deb/debian/binutils@2.40-2?arch=amd64&distro=debian-12&package-id=d842b59217648a95
CVE-2025-66861	pkg:deb/debian/libbinutils@2.40-2?arch=amd64&distro=debian-12&package-id=78054169459aae2f&upstream=binutils
CVE-2025-66861	pkg:deb/debian/libctf-nobfd0@2.40-2?arch=amd64&distro=debian-12&package-id=63bfd9a0d6ef6f63&upstream=binutils
CVE-2025-66861	pkg:deb/debian/libctf0@2.40-2?arch=amd64&distro=debian-12&package-id=79f92809e5afae8d&upstream=binutils
CVE-2025-66861	pkg:deb/debian/libgprofng0@2.40-2?arch=amd64&distro=debian-12&package-id=727693742e6e3639&upstream=binutils
CVE-2025-66862	pkg:deb/debian/binutils-common@2.40-2?arch=amd64&distro=debian-12&package-id=5bcf7faea7019d8b&upstream=binutils
CVE-2025-66862	pkg:deb/debian/binutils-x86-64-linux-gnu@2.40-2?arch=amd64&distro=debian-12&package-id=d0e449f35480c447&upstream=binutils
CVE-2025-66862	pkg:deb/debian/binutils@2.40-2?arch=amd64&distro=debian-12&package-id=d842b59217648a95
CVE-2025-66862	pkg:deb/debian/libbinutils@2.40-2?arch=amd64&distro=debian-12&package-id=78054169459aae2f&upstream=binutils
CVE-2025-66862	pkg:deb/debian/libctf-nobfd0@2.40-2?arch=amd64&distro=debian-12&package-id=63bfd9a0d6ef6f63&upstream=binutils
CVE-2025-66862	pkg:deb/debian/libctf0@2.40-2?arch=amd64&distro=debian-12&package-id=79f92809e5afae8d&upstream=binutils
CVE-2025-66862	pkg:deb/debian/libgprofng0@2.40-2?arch=amd64&distro=debian-12&package-id=727693742e6e3639&upstream=binutils
CVE-2025-66863	pkg:deb/debian/binutils-common@2.40-2?arch=amd64&distro=debian-12&package-id=5bcf7faea7019d8b&upstream=binutils
CVE-2025-66863	pkg:deb/debian/binutils-x86-64-linux-gnu@2.40-2?arch=amd64&distro=debian-12&package-id=d0e449f35480c447&upstream=binutils
CVE-2025-66863	pkg:deb/debian/binutils@2.40-2?arch=amd64&distro=debian-12&package-id=d842b59217648a95
CVE-2025-66863	pkg:deb/debian/libbinutils@2.40-2?arch=amd64&distro=debian-12&package-id=78054169459aae2f&upstream=binutils
CVE-2025-66863	pkg:deb/debian/libctf-nobfd0@2.40-2?arch=amd64&distro=debian-12&package-id=63bfd9a0d6ef6f63&upstream=binutils
CVE-2025-66863	pkg:deb/debian/libctf0@2.40-2?arch=amd64&distro=debian-12&package-id=79f92809e5afae8d&upstream=binutils
CVE-2025-66863	pkg:deb/debian/libgprofng0@2.40-2?arch=amd64&distro=debian-12&package-id=727693742e6e3639&upstream=binutils
CVE-2025-66864	pkg:deb/debian/binutils-common@2.40-2?arch=amd64&distro=debian-12&package-id=5bcf7faea7019d8b&upstream=binutils
CVE-2025-66864	pkg:deb/debian/binutils-x86-64-linux-gnu@2.40-2?arch=amd64&distro=debian-12&package-id=d0e449f35480c447&upstream=binutils
CVE-2025-66864	pkg:deb/debian/binutils@2.40-2?arch=amd64&distro=debian-12&package-id=d842b59217648a95
CVE-2025-66864	pkg:deb/debian/libbinutils@2.40-2?arch=amd64&distro=debian-12&package-id=78054169459aae2f&upstream=binutils
CVE-2025-66864	pkg:deb/debian/libctf-nobfd0@2.40-2?arch=amd64&distro=debian-12&package-id=63bfd9a0d6ef6f63&upstream=binutils
CVE-2025-66864	pkg:deb/debian/libctf0@2.40-2?arch=amd64&distro=debian-12&package-id=79f92809e5afae8d&upstream=binutils
CVE-2025-66864	pkg:deb/debian/libgprofng0@2.40-2?arch=amd64&distro=debian-12&package-id=727693742e6e3639&upstream=binutils
CVE-2025-66865	pkg:deb/debian/binutils-common@2.40-2?arch=amd64&distro=debian-12&package-id=5bcf7faea7019d8b&upstream=binutils
CVE-2025-66865	pkg:deb/debian/binutils-x86-64-linux-gnu@2.40-2?arch=amd64&distro=debian-12&package-id=d0e449f35480c447&upstream=binutils
CVE-2025-66865	pkg:deb/debian/binutils@2.40-2?arch=amd64&distro=debian-12&package-id=d842b59217648a95
CVE-2025-66865	pkg:deb/debian/libbinutils@2.40-2?arch=amd64&distro=debian-12&package-id=78054169459aae2f&upstream=binutils
CVE-2025-66865	pkg:deb/debian/libctf-nobfd0@2.40-2?arch=amd64&distro=debian-12&package-id=63bfd9a0d6ef6f63&upstream=binutils
CVE-2025-66865	pkg:deb/debian/libctf0@2.40-2?arch=amd64&distro=debian-12&package-id=79f92809e5afae8d&upstream=binutils
CVE-2025-66865	pkg:deb/debian/libgprofng0@2.40-2?arch=amd64&distro=debian-12&package-id=727693742e6e3639&upstream=binutils
CVE-2025-66866	pkg:deb/debian/binutils-common@2.40-2?arch=amd64&distro=debian-12&package-id=5bcf7faea7019d8b&upstream=binutils
CVE-2025-66866	pkg:deb/debian/binutils-x86-64-linux-gnu@2.40-2?arch=amd64&distro=debian-12&package-id=d0e449f35480c447&upstream=binutils
CVE-2025-66866	pkg:deb/debian/binutils@2.40-2?arch=amd64&distro=debian-12&package-id=d842b59217648a95
CVE-2025-66866	pkg:deb/debian/libbinutils@2.40-2?arch=amd64&distro=debian-12&package-id=78054169459aae2f&upstream=binutils
CVE-2025-66866	pkg:deb/debian/libctf-nobfd0@2.40-2?arch=amd64&distro=debian-12&package-id=63bfd9a0d6ef6f63&upstream=binutils
CVE-2025-66866	pkg:deb/debian/libctf0@2.40-2?arch=amd64&distro=debian-12&package-id=79f92809e5afae8d&upstream=binutils
CVE-2025-66866	pkg:deb/debian/libgprofng0@2.40-2?arch=amd64&distro=debian-12&package-id=727693742e6e3639&upstream=binutils
CVE-2025-68431	pkg:deb/debian/libheif1@1.15.1-1%2Bdeb12u1?arch=amd64&distro=debian-12&package-id=6dec48f68a6dce02&upstream=libheif
CVE-2025-68972	pkg:deb/debian/gpgv@2.2.40-1.1%2Bdeb12u2?arch=amd64&distro=debian-12&package-id=bab4532a87a829c8&upstream=gnupg2
CVE-2025-7545	pkg:deb/debian/binutils-common@2.40-2?arch=amd64&distro=debian-12&package-id=5bcf7faea7019d8b&upstream=binutils
CVE-2025-7545	pkg:deb/debian/binutils-x86-64-linux-gnu@2.40-2?arch=amd64&distro=debian-12&package-id=d0e449f35480c447&upstream=binutils
CVE-2025-7545	pkg:deb/debian/binutils@2.40-2?arch=amd64&distro=debian-12&package-id=d842b59217648a95
CVE-2025-7545	pkg:deb/debian/libbinutils@2.40-2?arch=amd64&distro=debian-12&package-id=78054169459aae2f&upstream=binutils
CVE-2025-7545	pkg:deb/debian/libctf-nobfd0@2.40-2?arch=amd64&distro=debian-12&package-id=63bfd9a0d6ef6f63&upstream=binutils
CVE-2025-7545	pkg:deb/debian/libctf0@2.40-2?arch=amd64&distro=debian-12&package-id=79f92809e5afae8d&upstream=binutils
CVE-2025-7545	pkg:deb/debian/libgprofng0@2.40-2?arch=amd64&distro=debian-12&package-id=727693742e6e3639&upstream=binutils
CVE-2025-7546	pkg:deb/debian/binutils-common@2.40-2?arch=amd64&distro=debian-12&package-id=5bcf7faea7019d8b&upstream=binutils
CVE-2025-7546	pkg:deb/debian/binutils-x86-64-linux-gnu@2.40-2?arch=amd64&distro=debian-12&package-id=d0e449f35480c447&upstream=binutils
CVE-2025-7546	pkg:deb/debian/binutils@2.40-2?arch=amd64&distro=debian-12&package-id=d842b59217648a95
CVE-2025-7546	pkg:deb/debian/libbinutils@2.40-2?arch=amd64&distro=debian-12&package-id=78054169459aae2f&upstream=binutils
CVE-2025-7546	pkg:deb/debian/libctf-nobfd0@2.40-2?arch=amd64&distro=debian-12&package-id=63bfd9a0d6ef6f63&upstream=binutils
CVE-2025-7546	pkg:deb/debian/libctf0@2.40-2?arch=amd64&distro=debian-12&package-id=79f92809e5afae8d&upstream=binutils
CVE-2025-7546	pkg:deb/debian/libgprofng0@2.40-2?arch=amd64&distro=debian-12&package-id=727693742e6e3639&upstream=binutils
CVE-2025-8176	pkg:deb/debian/libtiff6@4.5.0-6%2Bdeb12u3?arch=amd64&distro=debian-12&package-id=017939ea1216b685&upstream=tiff
CVE-2025-8177	pkg:deb/debian/libtiff6@4.5.0-6%2Bdeb12u3?arch=amd64&distro=debian-12&package-id=017939ea1216b685&upstream=tiff
CVE-2025-8224	pkg:deb/debian/binutils-common@2.40-2?arch=amd64&distro=debian-12&package-id=5bcf7faea7019d8b&upstream=binutils
CVE-2025-8224	pkg:deb/debian/binutils-x86-64-linux-gnu@2.40-2?arch=amd64&distro=debian-12&package-id=d0e449f35480c447&upstream=binutils
CVE-2025-8224	pkg:deb/debian/binutils@2.40-2?arch=amd64&distro=debian-12&package-id=d842b59217648a95
CVE-2025-8224	pkg:deb/debian/libbinutils@2.40-2?arch=amd64&distro=debian-12&package-id=78054169459aae2f&upstream=binutils
CVE-2025-8224	pkg:deb/debian/libctf-nobfd0@2.40-2?arch=amd64&distro=debian-12&package-id=63bfd9a0d6ef6f63&upstream=binutils
CVE-2025-8224	pkg:deb/debian/libctf0@2.40-2?arch=amd64&distro=debian-12&package-id=79f92809e5afae8d&upstream=binutils
CVE-2025-8224	pkg:deb/debian/libgprofng0@2.40-2?arch=amd64&distro=debian-12&package-id=727693742e6e3639&upstream=binutils
CVE-2025-8225	pkg:deb/debian/binutils-common@2.40-2?arch=amd64&distro=debian-12&package-id=5bcf7faea7019d8b&upstream=binutils
CVE-2025-8225	pkg:deb/debian/binutils-x86-64-linux-gnu@2.40-2?arch=amd64&distro=debian-12&package-id=d0e449f35480c447&upstream=binutils
CVE-2025-8225	pkg:deb/debian/binutils@2.40-2?arch=amd64&distro=debian-12&package-id=d842b59217648a95
CVE-2025-8225	pkg:deb/debian/libbinutils@2.40-2?arch=amd64&distro=debian-12&package-id=78054169459aae2f&upstream=binutils
CVE-2025-8225	pkg:deb/debian/libctf-nobfd0@2.40-2?arch=amd64&distro=debian-12&package-id=63bfd9a0d6ef6f63&upstream=binutils
CVE-2025-8225	pkg:deb/debian/libctf0@2.40-2?arch=amd64&distro=debian-12&package-id=79f92809e5afae8d&upstream=binutils
CVE-2025-8225	pkg:deb/debian/libgprofng0@2.40-2?arch=amd64&distro=debian-12&package-id=727693742e6e3639&upstream=binutils
CVE-2025-8534	pkg:deb/debian/libtiff6@4.5.0-6%2Bdeb12u3?arch=amd64&distro=debian-12&package-id=017939ea1216b685&upstream=tiff
CVE-2025-8851	pkg:deb/debian/libtiff6@4.5.0-6%2Bdeb12u3?arch=amd64&distro=debian-12&package-id=017939ea1216b685&upstream=tiff
CVE-2025-8961	pkg:deb/debian/libtiff6@4.5.0-6%2Bdeb12u3?arch=amd64&distro=debian-12&package-id=017939ea1216b685&upstream=tiff
CVE-2025-9165	pkg:deb/debian/libtiff6@4.5.0-6%2Bdeb12u3?arch=amd64&distro=debian-12&package-id=017939ea1216b685&upstream=tiff
CVE-2025-9820	pkg:deb/debian/libgnutls30@3.7.9-2%2Bdeb12u5?arch=amd64&distro=debian-12&package-id=a88e78b6d66aa563&upstream=gnutls28
CVE-2026-0861	pkg:deb/debian/libc-bin@2.36-9%2Bdeb12u13?arch=amd64&distro=debian-12&package-id=e90934cdc31ca290&upstream=glibc
CVE-2026-0861	pkg:deb/debian/libc-dev-bin@2.36-9%2Bdeb12u13?arch=amd64&distro=debian-12&package-id=a441f47cb7456001&upstream=glibc
CVE-2026-0861	pkg:deb/debian/libc-devtools@2.36-9%2Bdeb12u13?arch=amd64&distro=debian-12&package-id=14dc64240f4a6401&upstream=glibc
CVE-2026-0861	pkg:deb/debian/libc6-dev@2.36-9%2Bdeb12u13?arch=amd64&distro=debian-12&package-id=1f4a92bc30931514&upstream=glibc
CVE-2026-0861	pkg:deb/debian/libc6@2.36-9%2Bdeb12u13?arch=amd64&distro=debian-12&package-id=0ab22287b6343f5c&upstream=glibc
CVE-2026-0915	pkg:deb/debian/libc-bin@2.36-9%2Bdeb12u13?arch=amd64&distro=debian-12&package-id=e90934cdc31ca290&upstream=glibc
CVE-2026-0915	pkg:deb/debian/libc-dev-bin@2.36-9%2Bdeb12u13?arch=amd64&distro=debian-12&package-id=a441f47cb7456001&upstream=glibc
CVE-2026-0915	pkg:deb/debian/libc-devtools@2.36-9%2Bdeb12u13?arch=amd64&distro=debian-12&package-id=14dc64240f4a6401&upstream=glibc
CVE-2026-0915	pkg:deb/debian/libc6-dev@2.36-9%2Bdeb12u13?arch=amd64&distro=debian-12&package-id=1f4a92bc30931514&upstream=glibc
CVE-2026-0915	pkg:deb/debian/libc6@2.36-9%2Bdeb12u13?arch=amd64&distro=debian-12&package-id=0ab22287b6343f5c&upstream=glibc
CVE-2026-22185	pkg:deb/debian/libldap-2.5-0@2.5.13%2Bdfsg-5?arch=amd64&distro=debian-12&package-id=692b9197d4b21a92&upstream=openldap
CVE-2026-22185	pkg:deb/debian/libldap-common@2.5.13%2Bdfsg-5?arch=all&distro=debian-12&package-id=dd3946a6b1d2298d&upstream=openldap
CVE-2026-22695	pkg:deb/debian/libpng16-16@1.6.39-2%2Bdeb12u1?arch=amd64&distro=debian-12&package-id=d50b56e6adfee72a&upstream=libpng1.6
CVE-2026-22801	pkg:deb/debian/libpng16-16@1.6.39-2%2Bdeb12u1?arch=amd64&distro=debian-12&package-id=d50b56e6adfee72a&upstream=libpng1.6
CVE-2026-24515	pkg:deb/debian/libexpat1@2.5.0-1%2Bdeb12u2?arch=amd64&distro=debian-12&package-id=66ec0b239b3dc1ac&upstream=expat
CVE-2026-25210	pkg:deb/debian/libexpat1@2.5.0-1%2Bdeb12u2?arch=amd64&distro=debian-12&package-id=66ec0b239b3dc1ac&upstream=expat
GHSA-34x7-hfp2-rc4v	pkg:npm/tar@6.2.1?package-id=2c1eb304066e694a
GHSA-34x7-hfp2-rc4v	pkg:npm/tar@7.4.3?package-id=f1798e2aef0c5788
GHSA-34x7-hfp2-rc4v	pkg:npm/tar@7.4.3?package-id=f3286c35c5198a7d
GHSA-3966-f6p6-2qr9	pkg:npm/npm@10.9.4?package-id=0a85c983d102907d
GHSA-5j98-mcp5-4vw2	pkg:npm/glob@10.4.5?package-id=5c81a34fef3634ef
GHSA-73rr-hh4g-fpgx	pkg:npm/diff@5.2.0?package-id=b06ad4daeb334cd8
GHSA-8qq5-rm4j-mr97	pkg:npm/tar@6.2.1?package-id=2c1eb304066e694a
GHSA-8qq5-rm4j-mr97	pkg:npm/tar@7.4.3?package-id=f1798e2aef0c5788
GHSA-8qq5-rm4j-mr97	pkg:npm/tar@7.4.3?package-id=f3286c35c5198a7d
GHSA-mm7p-fcc7-pg87	pkg:npm/nodemailer@6.10.1?package-id=1a1ea255d5e5b964
GHSA-r6q2-hw4h-h46w	pkg:npm/tar@6.2.1?package-id=2c1eb304066e694a
GHSA-r6q2-hw4h-h46w	pkg:npm/tar@7.4.3?package-id=f1798e2aef0c5788
GHSA-r6q2-hw4h-h46w	pkg:npm/tar@7.4.3?package-id=f3286c35c5198a7d
GHSA-rcmh-qjqh-p98v	pkg:npm/nodemailer@6.10.1?package-id=1a1ea255d5e5b964
