CVE_ID,Package,Current_Version,Latest_Version,CVSS_Score,CVSS_Severity,Grype_Severity,Dep_Type,Depth,Occurrences,Ecosystem,Action,Risk_Level
CVE-2024-56433,login,1:4.13+dfsg1-1+deb12u2,unknown,3.6,LOW,low,os-level,None,0,debian,"INVESTIGATE — already on latest version, CVE may be unpatched",medium
CVE-2023-2953,libldap-2.5-0,2.5.13+dfsg-5,unknown,7.5,HIGH,high,os-level,None,0,debian,"INVESTIGATE — already on latest version, CVE may be unpatched",medium
CVE-2018-13410,zip,3.0-13,unknown,9.8,CRITICAL,none,os-level,None,0,debian,"INVESTIGATE — already on latest version, CVE may be unpatched",medium
CVE-2023-52355,libtiff6,4.5.0-6+deb12u3,unknown,7.5,HIGH,high,os-level,None,0,debian,"INVESTIGATE — already on latest version, CVE may be unpatched",medium
CVE-2023-6277,libtiff6,4.5.0-6+deb12u3,unknown,6.5,MEDIUM,medium,os-level,None,0,debian,"INVESTIGATE — already on latest version, CVE may be unpatched",medium
CVE-2011-3389,libgnutls30,3.7.9-2+deb12u5,unknown,None,,none,os-level,None,0,debian,"INVESTIGATE — already on latest version, CVE may be unpatched",medium
CVE-2024-38950,libde265-0,1.0.11-1+deb12u2,unknown,6.5,MEDIUM,medium,os-level,None,0,debian,"INVESTIGATE — already on latest version, CVE may be unpatched",medium
CVE-2015-3276,libldap-2.5-0,2.5.13+dfsg-5,unknown,7.5,HIGH,none,os-level,None,0,debian,"INVESTIGATE — already on latest version, CVE may be unpatched",medium
CVE-2023-6879,libaom3,3.6.0-1+deb12u2,unknown,9.0,CRITICAL,critical,os-level,None,0,debian,"INVESTIGATE — already on latest version, CVE may be unpatched",medium
CVE-2005-2541,tar,1.34+dfsg-1.2+deb12u1,unknown,None,,none,os-level,None,0,debian,"INVESTIGATE — already on latest version, CVE may be unpatched",medium
CVE-2025-59375,libexpat1,2.5.0-1+deb12u2,unknown,7.5,HIGH,high,os-level,None,0,debian,"INVESTIGATE — already on latest version, CVE may be unpatched",medium
CVE-2025-6297,dpkg,1.21.22,unknown,8.2,HIGH,high,os-level,None,0,debian,"INVESTIGATE — already on latest version, CVE may be unpatched",medium
CVE-2017-16232,libtiff6,4.5.0-6+deb12u3,unknown,7.5,HIGH,none,os-level,None,0,debian,"INVESTIGATE — already on latest version, CVE may be unpatched",medium
CVE-2017-17740,libldap-2.5-0,2.5.13+dfsg-5,unknown,7.5,HIGH,none,os-level,None,0,debian,"INVESTIGATE — already on latest version, CVE may be unpatched",medium
CVE-2011-3374,apt,2.6.1,unknown,3.7,LOW,none,os-level,None,0,debian,"INVESTIGATE — already on latest version, CVE may be unpatched",medium
CVE-2018-20796,libc-bin,2.36-9+deb12u13,unknown,7.5,HIGH,none,os-level,None,0,debian,"INVESTIGATE — already on latest version, CVE may be unpatched",medium
CVE-2018-5709,krb5-locales,1.20.1-2+deb12u4,unknown,7.5,HIGH,none,os-level,None,0,debian,"INVESTIGATE — already on latest version, CVE may be unpatched",medium
CVE-2019-1010025,libc-bin,2.36-9+deb12u13,unknown,5.3,MEDIUM,none,os-level,None,0,debian,"INVESTIGATE — already on latest version, CVE may be unpatched",medium
CVE-2024-38949,libde265-0,1.0.11-1+deb12u2,unknown,6.5,MEDIUM,medium,os-level,None,0,debian,"INVESTIGATE — already on latest version, CVE may be unpatched",medium
CVE-2023-32570,libdav1d6,1.0.0-2+deb12u1,unknown,5.9,MEDIUM,medium,os-level,None,0,debian,"INVESTIGATE — already on latest version, CVE may be unpatched",medium
CVE-2023-39616,libaom3,3.6.0-1+deb12u2,unknown,7.5,HIGH,high,os-level,None,0,debian,"INVESTIGATE — already on latest version, CVE may be unpatched",medium
CVE-2025-0725,curl,7.88.1-10+deb12u14,unknown,7.3,HIGH,none,os-level,None,0,debian,"INVESTIGATE — already on latest version, CVE may be unpatched",medium
CVE-2025-13151,libtasn1-6,4.19.0-2+deb12u1,unknown,7.5,HIGH,high,os-level,None,0,debian,"INVESTIGATE — already on latest version, CVE may be unpatched",medium
CVE-2024-28757,libexpat1,2.5.0-1+deb12u2,unknown,7.5,HIGH,none,os-level,None,0,debian,"INVESTIGATE — already on latest version, CVE may be unpatched",medium
CVE-2017-9937,libjbig0,2.1-6.1,unknown,6.5,MEDIUM,none,os-level,None,0,debian,"INVESTIGATE — already on latest version, CVE may be unpatched",medium
CVE-2019-9192,libc-bin,2.36-9+deb12u13,unknown,7.5,HIGH,none,os-level,None,0,debian,"INVESTIGATE — already on latest version, CVE may be unpatched",medium
CVE-2025-10148,curl,7.88.1-10+deb12u14,unknown,5.3,MEDIUM,medium,os-level,None,0,debian,"INVESTIGATE — already on latest version, CVE may be unpatched",medium
CVE-2018-20712,binutils,2.40-2,unknown,6.5,MEDIUM,none,os-level,None,0,debian,"INVESTIGATE — already on latest version, CVE may be unpatched",medium
CVE-2025-15281,libc-bin,2.36-9+deb12u13,unknown,7.5,HIGH,high,os-level,None,0,debian,"INVESTIGATE — already on latest version, CVE may be unpatched",medium
GHSA-mm7p-fcc7-pg87,nodemailer,6.10.1,8.0.1,None,MEDIUM,medium,direct,1,1,npm,"UPGRADE — update from 6.10.1 to 8.0.1",low
CVE-2019-1010024,libc-bin,2.36-9+deb12u13,unknown,5.3,MEDIUM,none,os-level,None,0,debian,"INVESTIGATE — already on latest version, CVE may be unpatched",medium
CVE-2026-0915,libc-bin,2.36-9+deb12u13,unknown,7.5,HIGH,high,os-level,None,0,debian,"INVESTIGATE — already on latest version, CVE may be unpatched",medium
CVE-2025-1153,binutils,2.40-2,unknown,3.1,LOW,none,os-level,None,0,debian,"INVESTIGATE — already on latest version, CVE may be unpatched",medium
CVE-2023-50495,libtinfo6,6.4-4,unknown,6.5,MEDIUM,medium,os-level,None,0,debian,"INVESTIGATE — already on latest version, CVE may be unpatched",medium
GHSA-5j98-mcp5-4vw2,glob,10.4.5,13.0.1,None,HIGH,high,unknown,None,0,npm,"UPGRADE — update from 10.4.5 to 13.0.1",low
CVE-2023-31486,perl-base,5.36.0-7+deb12u3,unknown,8.1,HIGH,none,os-level,None,0,debian,"INVESTIGATE — already on latest version, CVE may be unpatched",medium
CVE-2018-6829,libgcrypt20,1.10.1-3,unknown,7.5,HIGH,none,os-level,None,0,debian,"INVESTIGATE — already on latest version, CVE may be unpatched",medium
CVE-2016-2781,coreutils,9.1-1,unknown,4.6,MEDIUM,low,os-level,None,0,debian,"INVESTIGATE — already on latest version, CVE may be unpatched",medium
GHSA-rcmh-qjqh-p98v,nodemailer,6.10.1,8.0.1,None,LOW,low,direct,1,1,npm,"UPGRADE — update from 6.10.1 to 8.0.1",low
CVE-2018-10126,libtiff6,4.5.0-6+deb12u3,unknown,6.5,MEDIUM,none,os-level,None,0,debian,"INVESTIGATE — already on latest version, CVE may be unpatched",medium
CVE-2025-0840,binutils,2.40-2,unknown,5.0,MEDIUM,none,os-level,None,0,debian,"INVESTIGATE — already on latest version, CVE may be unpatched",medium
CVE-2025-68431,libheif1,1.15.1-1+deb12u1,unknown,6.5,MEDIUM,medium,os-level,None,0,debian,"INVESTIGATE — already on latest version, CVE may be unpatched",medium
CVE-2025-1181,binutils,2.40-2,unknown,5.0,MEDIUM,none,os-level,None,0,debian,"INVESTIGATE — already on latest version, CVE may be unpatched",medium
CVE-2025-1148,binutils,2.40-2,unknown,3.1,LOW,none,os-level,None,0,debian,"INVESTIGATE — already on latest version, CVE may be unpatched",medium
CVE-2010-4756,libc-bin,2.36-9+deb12u13,unknown,None,,none,os-level,None,0,debian,"INVESTIGATE — already on latest version, CVE may be unpatched",medium
GHSA-34x7-hfp2-rc4v,tar,6.2.1,7.5.7,None,HIGH,high,unknown,None,0,npm,"UPGRADE — update from 6.2.1 to 7.5.7",low
CVE-2025-1147,binutils,2.40-2,unknown,3.1,LOW,none,os-level,None,0,debian,"INVESTIGATE — already on latest version, CVE may be unpatched",medium
CVE-2018-9996,binutils,2.40-2,unknown,5.5,MEDIUM,none,os-level,None,0,debian,"INVESTIGATE — already on latest version, CVE may be unpatched",medium
CVE-2025-14819,curl,7.88.1-10+deb12u14,unknown,5.3,MEDIUM,medium,os-level,None,0,debian,"INVESTIGATE — already on latest version, CVE may be unpatched",medium
CVE-2025-1178,binutils,2.40-2,unknown,5.6,MEDIUM,none,os-level,None,0,debian,"INVESTIGATE — already on latest version, CVE may be unpatched",medium
CVE-2025-1176,binutils,2.40-2,unknown,5.0,MEDIUM,none,os-level,None,0,debian,"INVESTIGATE — already on latest version, CVE may be unpatched",medium
CVE-2025-1179,binutils,2.40-2,unknown,5.0,MEDIUM,none,os-level,None,0,debian,"INVESTIGATE — already on latest version, CVE may be unpatched",medium
GHSA-73rr-hh4g-fpgx,diff,5.2.0,8.0.3,None,LOW,low,unknown,None,0,npm,"UPGRADE — update from 5.2.0 to 8.0.3",low
CVE-2019-1010023,libc-bin,2.36-9+deb12u13,unknown,5.4,MEDIUM,none,os-level,None,0,debian,"INVESTIGATE — already on latest version, CVE may be unpatched",medium
CVE-2025-1182,binutils,2.40-2,unknown,5.0,MEDIUM,none,os-level,None,0,debian,"INVESTIGATE — already on latest version, CVE may be unpatched",medium
CVE-2024-10041,libpam-modules,1.5.2-6+deb12u2,unknown,4.7,MEDIUM,medium,os-level,None,0,debian,"INVESTIGATE — already on latest version, CVE may be unpatched",medium
CVE-2025-1180,binutils,2.40-2,unknown,3.1,LOW,none,os-level,None,0,debian,"INVESTIGATE — already on latest version, CVE may be unpatched",medium
CVE-2007-5686,login,1:4.13+dfsg1-1+deb12u2,unknown,None,,none,os-level,None,0,debian,"INVESTIGATE — already on latest version, CVE may be unpatched",medium
CVE-2026-22695,libpng16-16,1.6.39-2+deb12u1,unknown,6.1,MEDIUM,high,os-level,None,0,debian,"INVESTIGATE — already on latest version, CVE may be unpatched",medium
CVE-2020-36325,libjansson4,2.14-2,unknown,7.5,HIGH,none,os-level,None,0,debian,"INVESTIGATE — already on latest version, CVE may be unpatched",medium
GHSA-r6q2-hw4h-h46w,tar,6.2.1,7.5.7,None,HIGH,high,unknown,None,0,npm,"UPGRADE — update from 6.2.1 to 7.5.7",low
CVE-2025-30258,gpgv,2.2.40-1.1+deb12u2,unknown,2.7,LOW,medium,os-level,None,0,debian,"INVESTIGATE — already on latest version, CVE may be unpatched",medium
CVE-2026-0861,libc-bin,2.36-9+deb12u13,unknown,8.4,HIGH,high,os-level,None,0,debian,"INVESTIGATE — already on latest version, CVE may be unpatched",medium
CVE-2017-13716,binutils,2.40-2,unknown,5.5,MEDIUM,none,os-level,None,0,debian,"INVESTIGATE — already on latest version, CVE may be unpatched",medium
CVE-2021-4214,libpng16-16,1.6.39-2+deb12u1,unknown,5.5,MEDIUM,none,os-level,None,0,debian,"INVESTIGATE — already on latest version, CVE may be unpatched",medium
CVE-2024-2236,libgcrypt20,1.10.1-3,unknown,5.9,MEDIUM,none,os-level,None,0,debian,"INVESTIGATE — already on latest version, CVE may be unpatched",medium
CVE-2025-14524,curl,7.88.1-10+deb12u14,unknown,5.3,MEDIUM,medium,os-level,None,0,debian,"INVESTIGATE — already on latest version, CVE may be unpatched",medium
CVE-2020-15719,libldap-2.5-0,2.5.13+dfsg-5,unknown,4.2,MEDIUM,none,os-level,None,0,debian,"INVESTIGATE — already on latest version, CVE may be unpatched",medium
CVE-2026-22801,libpng16-16,1.6.39-2+deb12u1,unknown,6.8,MEDIUM,high,os-level,None,0,debian,"INVESTIGATE — already on latest version, CVE may be unpatched",medium
CVE-2024-26458,krb5-locales,1.20.1-2+deb12u4,unknown,5.3,MEDIUM,none,os-level,None,0,debian,"INVESTIGATE — already on latest version, CVE may be unpatched",medium
CVE-2024-2379,curl,7.88.1-10+deb12u14,unknown,6.3,MEDIUM,none,os-level,None,0,debian,"INVESTIGATE — already on latest version, CVE may be unpatched",medium
CVE-2011-4116,perl-base,5.36.0-7+deb12u3,unknown,3.3,LOW,none,os-level,None,0,debian,"INVESTIGATE — already on latest version, CVE may be unpatched",medium
CVE-2021-4217,unzip,6.0-28,unknown,3.3,LOW,none,os-level,None,0,debian,"INVESTIGATE — already on latest version, CVE may be unpatched",medium
CVE-2025-1149,binutils,2.40-2,unknown,3.1,LOW,none,os-level,None,0,debian,"INVESTIGATE — already on latest version, CVE may be unpatched",medium
CVE-2025-1150,binutils,2.40-2,unknown,3.1,LOW,none,os-level,None,0,debian,"INVESTIGATE — already on latest version, CVE may be unpatched",medium
CVE-2025-1152,binutils,2.40-2,unknown,3.1,LOW,none,os-level,None,0,debian,"INVESTIGATE — already on latest version, CVE may be unpatched",medium
CVE-2024-53589,binutils,2.40-2,unknown,8.4,HIGH,none,os-level,None,0,debian,"INVESTIGATE — already on latest version, CVE may be unpatched",medium
CVE-2025-6141,libtinfo6,6.4-4,unknown,3.3,LOW,medium,os-level,None,0,debian,"INVESTIGATE — already on latest version, CVE may be unpatched",medium
CVE-2025-66382,libexpat1,2.5.0-1+deb12u2,unknown,2.9,LOW,medium,os-level,None,0,debian,"INVESTIGATE — already on latest version, CVE may be unpatched",medium
CVE-2025-1151,binutils,2.40-2,unknown,3.1,LOW,none,os-level,None,0,debian,"INVESTIGATE — already on latest version, CVE may be unpatched",medium
CVE-2025-14104,bsdutils,1:2.38.1-5+deb12u3,unknown,6.1,MEDIUM,medium,os-level,None,0,debian,"INVESTIGATE — already on latest version, CVE may be unpatched",medium
CVE-2024-13978,libtiff6,4.5.0-6+deb12u3,unknown,2.5,LOW,low,os-level,None,0,debian,"INVESTIGATE — already on latest version, CVE may be unpatched",medium
CVE-2023-49463,libheif1,1.15.1-1+deb12u1,unknown,8.8,HIGH,none,os-level,None,0,debian,"INVESTIGATE — already on latest version, CVE may be unpatched",medium
GHSA-8qq5-rm4j-mr97,tar,6.2.1,7.5.7,None,HIGH,high,unknown,None,0,npm,"UPGRADE — update from 6.2.1 to 7.5.7",low
CVE-2019-1010022,libc-bin,2.36-9+deb12u13,unknown,9.8,CRITICAL,none,os-level,None,0,debian,"INVESTIGATE — already on latest version, CVE may be unpatched",medium
CVE-2023-31437,libsystemd0,252.39-1~deb12u1,unknown,5.3,MEDIUM,none,os-level,None,0,debian,"INVESTIGATE — already on latest version, CVE may be unpatched",medium
CVE-2017-14159,libldap-2.5-0,2.5.13+dfsg-5,unknown,4.7,MEDIUM,none,os-level,None,0,debian,"INVESTIGATE — already on latest version, CVE may be unpatched",medium
CVE-2018-20673,binutils,2.40-2,unknown,5.5,MEDIUM,none,os-level,None,0,debian,"INVESTIGATE — already on latest version, CVE may be unpatched",medium
CVE-2021-32256,binutils,2.40-2,unknown,6.5,MEDIUM,none,os-level,None,0,debian,"INVESTIGATE — already on latest version, CVE may be unpatched",medium
CVE-2023-51792,libde265-0,1.0.11-1+deb12u2,unknown,3.3,LOW,low,os-level,None,0,debian,"INVESTIGATE — already on latest version, CVE may be unpatched",medium
CVE-2023-31438,libsystemd0,252.39-1~deb12u1,unknown,5.3,MEDIUM,none,os-level,None,0,debian,"INVESTIGATE — already on latest version, CVE may be unpatched",medium
CVE-2023-31439,libsystemd0,252.39-1~deb12u1,unknown,5.3,MEDIUM,none,os-level,None,0,debian,"INVESTIGATE — already on latest version, CVE may be unpatched",medium
CVE-2025-9820,libgnutls30,3.7.9-2+deb12u5,unknown,4.0,MEDIUM,medium,os-level,None,0,debian,"INVESTIGATE — already on latest version, CVE may be unpatched",medium
CVE-2026-25210,libexpat1,2.5.0-1+deb12u2,unknown,6.9,MEDIUM,medium,os-level,None,0,debian,"INVESTIGATE — already on latest version, CVE may be unpatched",medium
CVE-2025-3198,binutils,2.40-2,unknown,3.3,LOW,none,os-level,None,0,debian,"INVESTIGATE — already on latest version, CVE may be unpatched",medium
CVE-2024-26461,krb5-locales,1.20.1-2+deb12u4,unknown,7.5,HIGH,none,os-level,None,0,debian,"INVESTIGATE — already on latest version, CVE may be unpatched",medium
CVE-2025-68972,gpgv,2.2.40-1.1+deb12u2,unknown,5.9,MEDIUM,medium,os-level,None,0,debian,"INVESTIGATE — already on latest version, CVE may be unpatched",medium
CVE-2017-18018,coreutils,9.1-1,unknown,7.1,HIGH,none,os-level,None,0,debian,"INVESTIGATE — already on latest version, CVE may be unpatched",medium
CVE-2025-66862,binutils,2.40-2,unknown,7.5,HIGH,none,os-level,None,0,debian,"INVESTIGATE — already on latest version, CVE may be unpatched",medium
CVE-2025-66863,binutils,2.40-2,unknown,7.5,HIGH,none,os-level,None,0,debian,"INVESTIGATE — already on latest version, CVE may be unpatched",medium
CVE-2025-66865,binutils,2.40-2,unknown,7.5,HIGH,none,os-level,None,0,debian,"INVESTIGATE — already on latest version, CVE may be unpatched",medium
CVE-2022-1210,libtiff6,4.5.0-6+deb12u3,unknown,4.3,MEDIUM,none,os-level,None,0,debian,"INVESTIGATE — already on latest version, CVE may be unpatched",medium
CVE-2022-27943,cpp-12,12.2.0-14+deb12u1,unknown,5.5,MEDIUM,none,os-level,None,0,debian,"INVESTIGATE — already on latest version, CVE may be unpatched",medium
CVE-2024-25269,libheif1,1.15.1-1+deb12u1,unknown,7.5,HIGH,none,os-level,None,0,debian,"INVESTIGATE — already on latest version, CVE may be unpatched",medium
CVE-2025-15224,curl,7.88.1-10+deb12u14,unknown,3.1,LOW,none,os-level,None,0,debian,"INVESTIGATE — already on latest version, CVE may be unpatched",medium
CVE-2025-27587,libssl3,3.0.18-1~deb12u2,unknown,5.3,MEDIUM,none,os-level,None,0,debian,"INVESTIGATE — already on latest version, CVE may be unpatched",medium
CVE-2023-1972,binutils,2.40-2,unknown,6.5,MEDIUM,none,os-level,None,0,debian,"INVESTIGATE — already on latest version, CVE may be unpatched",medium
CVE-2013-4392,libsystemd0,252.39-1~deb12u1,unknown,5.0,MEDIUM,none,os-level,None,0,debian,"INVESTIGATE — already on latest version, CVE may be unpatched",medium
CVE-2025-11081,binutils,2.40-2,unknown,3.3,LOW,none,os-level,None,0,debian,"INVESTIGATE — already on latest version, CVE may be unpatched",medium
CVE-2025-11412,binutils,2.40-2,unknown,3.3,LOW,none,os-level,None,0,debian,"INVESTIGATE — already on latest version, CVE may be unpatched",medium
CVE-2025-11413,binutils,2.40-2,unknown,3.3,LOW,none,os-level,None,0,debian,"INVESTIGATE — already on latest version, CVE may be unpatched",medium
CVE-2025-11414,binutils,2.40-2,unknown,3.3,LOW,none,os-level,None,0,debian,"INVESTIGATE — already on latest version, CVE may be unpatched",medium
CVE-2025-11494,binutils,2.40-2,unknown,3.3,LOW,none,os-level,None,0,debian,"INVESTIGATE — already on latest version, CVE may be unpatched",medium
CVE-2025-11495,binutils,2.40-2,unknown,3.3,LOW,none,os-level,None,0,debian,"INVESTIGATE — already on latest version, CVE may be unpatched",medium
CVE-2025-11083,binutils,2.40-2,unknown,5.3,MEDIUM,none,os-level,None,0,debian,"INVESTIGATE — already on latest version, CVE may be unpatched",medium
CVE-2025-8961,libtiff6,4.5.0-6+deb12u3,unknown,3.3,LOW,none,os-level,None,0,debian,"INVESTIGATE — already on latest version, CVE may be unpatched",medium
CVE-2025-66864,binutils,2.40-2,unknown,7.5,HIGH,none,os-level,None,0,debian,"INVESTIGATE — already on latest version, CVE may be unpatched",medium
CVE-2025-66866,binutils,2.40-2,unknown,7.5,HIGH,none,os-level,None,0,debian,"INVESTIGATE — already on latest version, CVE may be unpatched",medium
CVE-2025-11082,binutils,2.40-2,unknown,5.3,MEDIUM,none,os-level,None,0,debian,"INVESTIGATE — already on latest version, CVE may be unpatched",medium
CVE-2025-8534,libtiff6,4.5.0-6+deb12u3,unknown,2.5,LOW,none,os-level,None,0,debian,"INVESTIGATE — already on latest version, CVE may be unpatched",medium
CVE-2024-57360,binutils,2.40-2,unknown,5.5,MEDIUM,none,os-level,None,0,debian,"INVESTIGATE — already on latest version, CVE may be unpatched",medium
CVE-2026-24515,libexpat1,2.5.0-1+deb12u2,unknown,2.9,LOW,low,os-level,None,0,debian,"INVESTIGATE — already on latest version, CVE may be unpatched",medium
CVE-2025-11840,binutils,2.40-2,unknown,3.3,LOW,none,os-level,None,0,debian,"INVESTIGATE — already on latest version, CVE may be unpatched",medium
CVE-2025-8224,binutils,2.40-2,unknown,3.3,LOW,none,os-level,None,0,debian,"INVESTIGATE — already on latest version, CVE may be unpatched",medium
CVE-2025-9165,libtiff6,4.5.0-6+deb12u3,unknown,2.5,LOW,none,os-level,None,0,debian,"INVESTIGATE — already on latest version, CVE may be unpatched",medium
CVE-2025-5245,binutils,2.40-2,unknown,5.3,MEDIUM,none,os-level,None,0,debian,"INVESTIGATE — already on latest version, CVE may be unpatched",medium
CVE-2025-5244,binutils,2.40-2,unknown,5.3,MEDIUM,none,os-level,None,0,debian,"INVESTIGATE — already on latest version, CVE may be unpatched",medium
CVE-2025-15079,curl,7.88.1-10+deb12u14,unknown,5.3,MEDIUM,none,os-level,None,0,debian,"INVESTIGATE — already on latest version, CVE may be unpatched",medium
CVE-2026-22185,libldap-2.5-0,2.5.13+dfsg-5,unknown,None,,none,os-level,None,0,debian,"INVESTIGATE — already on latest version, CVE may be unpatched",medium
CVE-2025-5278,coreutils,9.1-1,unknown,4.4,MEDIUM,none,os-level,None,0,debian,"INVESTIGATE — already on latest version, CVE may be unpatched",medium
CVE-2022-0563,bsdutils,1:2.38.1-5+deb12u3,unknown,5.5,MEDIUM,none,os-level,None,0,debian,"INVESTIGATE — already on latest version, CVE may be unpatched",medium
CVE-2025-66861,binutils,2.40-2,unknown,2.5,LOW,none,os-level,None,0,debian,"INVESTIGATE — already on latest version, CVE may be unpatched",medium
CVE-2025-8225,binutils,2.40-2,unknown,3.3,LOW,none,os-level,None,0,debian,"INVESTIGATE — already on latest version, CVE may be unpatched",medium
CVE-2022-3219,gpgv,2.2.40-1.1+deb12u2,unknown,3.3,LOW,none,os-level,None,0,debian,"INVESTIGATE — already on latest version, CVE may be unpatched",medium
CVE-2023-52426,libexpat1,2.5.0-1+deb12u2,unknown,5.5,MEDIUM,none,os-level,None,0,debian,"INVESTIGATE — already on latest version, CVE may be unpatched",medium
CVE-2023-1916,libtiff6,4.5.0-6+deb12u3,unknown,6.1,MEDIUM,none,os-level,None,0,debian,"INVESTIGATE — already on latest version, CVE may be unpatched",medium
CVE-2025-8851,libtiff6,4.5.0-6+deb12u3,unknown,5.3,MEDIUM,none,os-level,None,0,debian,"INVESTIGATE — already on latest version, CVE may be unpatched",medium
CVE-2025-7545,binutils,2.40-2,unknown,5.3,MEDIUM,none,os-level,None,0,debian,"INVESTIGATE — already on latest version, CVE may be unpatched",medium
CVE-2025-7546,binutils,2.40-2,unknown,5.3,MEDIUM,none,os-level,None,0,debian,"INVESTIGATE — already on latest version, CVE may be unpatched",medium
CVE-2025-8177,libtiff6,4.5.0-6+deb12u3,unknown,5.3,MEDIUM,none,os-level,None,0,debian,"INVESTIGATE — already on latest version, CVE may be unpatched",medium
CVE-2025-11839,binutils,2.40-2,unknown,3.3,LOW,none,os-level,None,0,debian,"INVESTIGATE — already on latest version, CVE may be unpatched",medium
CVE-2025-8176,libtiff6,4.5.0-6+deb12u3,unknown,5.3,MEDIUM,none,os-level,None,0,debian,"INVESTIGATE — already on latest version, CVE may be unpatched",medium
CVE-2023-6228,libtiff6,4.5.0-6+deb12u3,unknown,3.3,LOW,none,os-level,None,0,debian,"INVESTIGATE — already on latest version, CVE may be unpatched",medium
CVE-2025-10966,curl,7.88.1-10+deb12u14,unknown,4.3,MEDIUM,none,os-level,None,0,debian,"INVESTIGATE — already on latest version, CVE may be unpatched",medium
CVE-2025-28162,libpng16-16,1.6.39-2+deb12u1,unknown,5.5,MEDIUM,none,os-level,None,0,debian,"INVESTIGATE — already on latest version, CVE may be unpatched",medium
CVE-2025-28164,libpng16-16,1.6.39-2+deb12u1,unknown,5.5,MEDIUM,none,os-level,None,0,debian,"INVESTIGATE — already on latest version, CVE may be unpatched",medium
CVE-2023-3164,libtiff6,4.5.0-6+deb12u3,unknown,5.5,MEDIUM,none,os-level,None,0,debian,"INVESTIGATE — already on latest version, CVE may be unpatched",medium
CVE-2025-14017,curl,7.88.1-10+deb12u14,unknown,6.3,MEDIUM,none,os-level,None,0,debian,"INVESTIGATE — already on latest version, CVE may be unpatched",medium
